,0,1,2,3,PDB_IDs
0,3.7470027081099033e-16,1.7763568394002505e-15,-1.199040866595169e-14,-9.103828801926284e-15,1w8l
1,3.608224830031759e-16,2.6645352591003757e-14,-8.08242361927114e-14,5.551115123125783e-15,1wkm
2,0.0,0.0,2.6645352591003757e-15,-2.6645352591003757e-15,2a31
3,4.996003610813204e-16,-5.995204332975845e-15,3.1086244689504383e-15,3.9968028886505635e-15,1b74
4,-1.3183898417423734e-15,-2.1066481892262345e-14,-6.328271240363392e-15,7.049916206369744e-15,1qpb
5,-6.661338147750939e-16,0.0,1.7763568394002505e-15,1.2434497875801753e-14,1tnk
6,6.938893903907228e-18,7.327471962526033e-15,-3.774758283725532e-15,5.995204332975845e-15,1w8m
7,-5.551115123125783e-17,3.1086244689504383e-15,-8.881784197001252e-16,1.1657341758564144e-14,1ga8
8,-2.6645352591003757e-15,9.880984919163893e-15,1.7763568394002505e-14,-3.552713678800501e-15,1d5r
9,-1.3877787807814457e-15,-1.9761969838327786e-14,-7.993605777301127e-15,-4.884981308350689e-15,1rdn
10,1.3322676295501878e-15,-2.220446049250313e-14,1.7763568394002505e-15,1.5987211554602254e-14,1tnl
11,-8.881784197001252e-16,1.3322676295501878e-15,-4.3298697960381105e-15,-8.881784197001252e-16,1f2p
12,-3.4416913763379853e-15,-8.881784197001252e-16,3.3306690738754696e-16,-4.440892098500626e-16,1f2o
13,0.0,1.7763568394002505e-15,8.881784197001252e-16,-5.329070518200751e-15,1tnj
14,4.996003610813204e-16,3.108624468950438e-14,-2.55351295663786e-15,-4.440892098500626e-15,1jfh
15,1.1102230246251565e-16,-1.7763568394002505e-15,6.6058269965196814e-15,-4.440892098500626e-16,1qq9
16,-7.105427357601002e-15,1.1368683772161603e-13,0.0,-2.842170943040401e-14,1njj
17,-2.1094237467877974e-15,3.108624468950438e-14,5.3290705182007514e-14,3.108624468950438e-14,1uxb
18,3.7192471324942744e-15,6.661338147750939e-15,1.7763568394002505e-15,-7.549516567451064e-15,1x8d
19,1.8346435481930712e-14,-4.440892098500626e-15,5.284661597215745e-14,2.7533531010703882e-14,1icj
20,1.1379786002407855e-15,-3.552713678800501e-15,1.687538997430238e-14,1.3433698597964394e-14,2aac
21,3.1086244689504383e-15,0.0,-1.0658141036401503e-14,-2.1316282072803006e-14,1ew8
22,6.772360450213455e-15,-8.881784197001252e-16,2.1316282072803006e-14,0.0,1uxa
23,1.7763568394002505e-15,-7.105427357601002e-15,-1.7763568394002505e-15,-1.8207657603852567e-14,1m0o
24,-1.8041124150158794e-14,3.1086244689504383e-15,-4.8405723873656825e-14,-6.439293542825908e-15,1qi0
25,-5.773159728050814e-15,7.993605777301127e-15,9.947598300641403e-14,3.552713678800501e-15,1oba
26,2.220446049250313e-16,1.0658141036401503e-14,-6.8833827526759706e-15,-4.440892098500626e-15,1utl
27,-5.329070518200751e-15,7.549516567451064e-15,-2.881028748902281e-14,-8.881784197001252e-15,1gyx
28,-3.3306690738754696e-16,-4.440892098500626e-15,-1.0658141036401503e-14,-1.2101430968414206e-14,1ai4
29,2.7755575615628914e-17,-2.220446049250313e-15,3.4861002973229915e-14,-1.5987211554602254e-14,1gwv
30,4.0245584642661925e-16,-2.425837308805967e-14,3.7192471324942744e-15,-3.885780586188048e-15,2c4v
31,5.551115123125783e-16,-9.658940314238862e-15,3.1086244689504383e-15,1.0075273948473296e-14,1ajn
32,1.021405182655144e-14,3.552713678800501e-15,1.0658141036401503e-14,0.0,1o8b
33,1.2212453270876722e-15,3.2862601528904634e-14,-3.552713678800501e-15,-1.5987211554602254e-14,1pfu
34,9.547918011776346e-15,7.105427357601002e-15,1.0658141036401503e-14,-8.881784197001252e-16,1rql
35,-2.220446049250313e-16,-3.552713678800501e-15,-4.440892098500626e-15,5.88418203051333e-15,2bza
36,0.0,3.019806626980426e-14,-5.329070518200751e-15,3.552713678800501e-15,1cet
37,-2.6645352591003757e-15,-3.552713678800501e-15,3.552713678800501e-15,7.105427357601002e-15,1iih
38,-4.6629367034256575e-15,4.884981308350689e-15,2.1538326677728037e-14,-7.66053886991358e-15,1ugp
39,-4.996003610813204e-16,-3.774758283725532e-15,-4.884981308350689e-15,3.0531133177191805e-15,2fkf
40,-1.1102230246251565e-15,-2.6645352591003757e-15,2.6645352591003757e-15,4.440892098500626e-15,1tng
41,6.661338147750939e-16,-8.881784197001252e-15,0.0,3.552713678800501e-15,2br6
42,-1.6653345369377348e-16,0.0,0.0,3.219646771412954e-15,1ws4
43,1.1102230246251565e-15,1.7763568394002505e-15,1.509903313490213e-14,8.881784197001252e-16,1utm
44,-1.6653345369377348e-16,1.3322676295501878e-15,-5.329070518200751e-15,7.327471962526033e-15,1ws5
45,-2.220446049250313e-16,2.6645352591003757e-15,5.329070518200751e-15,-1.2434497875801753e-14,1uj5
46,8.881784197001252e-16,-1.7763568394002505e-15,-3.1086244689504383e-15,-5.329070518200751e-15,1uj6
47,-2.3592239273284576e-16,-2.042810365310288e-14,1.4654943925052066e-14,-6.661338147750939e-16,1y1z
48,3.1086244689504383e-15,2.220446049250313e-16,1.8118839761882555e-13,-7.105427357601002e-15,1pu8
49,4.884981308350689e-15,6.217248937900877e-15,-4.440892098500626e-15,-6.161737786669619e-15,1e6q
50,6.661338147750939e-16,0.0,1.0658141036401503e-14,-1.4210854715202004e-14,1ro7
51,0.0,-7.105427357601002e-15,-3.552713678800501e-15,-7.105427357601002e-15,6tim
52,2.220446049250313e-16,1.3322676295501878e-14,5.329070518200751e-15,4.440892098500626e-16,1br6
53,-1.6930901125533637e-15,-3.1086244689504383e-15,1.9984014443252818e-15,2.3148150063434514e-14,1e6s
54,2.4424906541753444e-15,3.552713678800501e-15,-3.552713678800501e-15,-7.105427357601002e-14,1ew9
55,-2.3148150063434514e-14,-3.8191672047105385e-14,-2.275957200481571e-14,-1.2878587085651816e-14,1k1y
56,4.440892098500626e-15,-1.7763568394002505e-15,0.0,-1.7763568394002505e-15,1tog
57,2.220446049250313e-16,0.0,2.220446049250313e-16,1.7763568394002505e-15,1v2j
58,2.3869795029440866e-15,-1.0297318553398327e-14,0.0,1.27675647831893e-15,5yas
59,-3.552713678800501e-15,2.3314683517128287e-15,-1.2434497875801753e-14,8.881784197001252e-16,1pzp
60,4.371503159461554e-16,2.65898414397725e-14,1.1324274851176597e-14,-1.1102230246251565e-16,1pzo
61,0.0,2.842170943040401e-14,8.881784197001252e-16,-7.105427357601002e-15,1jlr
62,-1.5543122344752192e-15,-5.329070518200751e-15,1.7763568394002505e-15,-1.7763568394002505e-15,1tnh
63,2.220446049250313e-16,0.0,-7.105427357601002e-15,3.552713678800501e-15,1v2u
64,1.0269562977782698e-14,-6.217248937900877e-15,2.353672812205332e-14,-4.440892098500626e-16,2fzg
65,-7.0637939941775585e-15,2.1649348980190553e-15,-3.108624468950438e-14,1.1213252548714081e-14,1ikt
66,-3.3306690738754696e-16,-1.9539925233402755e-14,8.43769498715119e-15,-3.552713678800501e-14,1jt1
67,3.552713678800501e-15,-2.4868995751603507e-14,-7.105427357601002e-15,-8.881784197001252e-15,1m83
68,6.078471059822732e-15,-1.2212453270876722e-15,-2.9976021664879227e-15,-1.3322676295501878e-15,1uz4
69,0.0,-8.326672684688674e-16,-5.551115123125783e-17,1.4210854715202004e-14,220l
70,6.661338147750939e-16,3.552713678800501e-15,-5.773159728050814e-15,0.0,1moq
71,5.051514762044462e-15,4.440892098500626e-16,-1.4654943925052066e-14,-4.440892098500626e-16,1gzc
72,-4.440892098500626e-16,6.217248937900877e-15,1.7763568394002505e-15,-1.4210854715202004e-14,1utn
73,-2.914335439641036e-15,-1.7763568394002505e-15,1.2878587085651816e-14,-5.861977570020827e-14,1imx
74,4.440892098500626e-16,-1.7763568394002505e-15,7.105427357601002e-15,-3.907985046680551e-14,1vjd
75,8.389122729823839e-15,-2.881028748902281e-14,3.0753177782116836e-14,8.326672684688674e-17,1h46
76,4.440892098500626e-16,7.549516567451064e-15,5.329070518200751e-15,1.4210854715202004e-14,1vjc
77,3.0531133177191805e-16,6.661338147750939e-16,-7.494005416219807e-15,-1.4432899320127035e-15,1nli
78,-1.4710455076283324e-15,-6.661338147750939e-16,2.8310687127941492e-14,2.220446049250313e-15,2gsu
79,-4.3021142204224816e-16,6.2727600891321345e-15,-7.882583474838611e-15,-3.885780586188048e-15,1d7i
80,2.248201624865942e-15,-1.554312234475219e-14,3.241851231905457e-14,-7.105427357601002e-15,2fzk
81,2.220446049250313e-16,5.773159728050814e-15,-2.6645352591003757e-15,1.0325074129013956e-14,3jdw
82,-5.828670879282072e-16,-2.6645352591003757e-15,-1.021405182655144e-14,1.3766765505351941e-14,2azr
83,-4.6074255521944e-15,-2.6201263381153694e-14,-3.6415315207705135e-14,4.440892098500626e-16,1c3x
84,1.3600232051658168e-15,-4.6629367034256575e-15,1.4432899320127035e-15,-9.103828801926284e-15,2a8g
85,-2.220446049250313e-15,-1.0658141036401503e-14,-1.4210854715202004e-14,-5.329070518200751e-15,1fwu
86,-7.993605777301127e-15,1.3322676295501878e-14,4.440892098500626e-16,3.552713678800501e-15,1wht
87,-2.983724378680108e-16,2.220446049250313e-15,-2.142730437526552e-14,1.0250134074851758e-13,2bjm
88,-1.1102230246251565e-16,-2.886579864025407e-15,-8.881784197001252e-16,1.4432899320127035e-15,2fx6
89,-2.220446049250313e-15,2.1316282072803006e-14,1.4210854715202004e-14,-1.5987211554602254e-14,1fwv
90,1.4710455076283324e-15,-3.4638958368304884e-14,-6.350475700855895e-14,-1.9984014443252818e-15,2am4
91,-2.3592239273284576e-15,-1.6653345369377348e-14,2.398081733190338e-14,1.0103029524088925e-14,2hb1
92,-2.7755575615628914e-16,-1.2156942119645464e-14,2.6645352591003757e-15,-1.1407541578023483e-14,2hu6
93,3.9968028886505635e-15,8.526512829121202e-14,9.237055564881302e-14,-1.8474111129762605e-13,1r0x
94,0.0,1.7763568394002505e-15,1.0658141036401503e-14,-7.105427357601002e-15,1utj
95,2.220446049250313e-16,-5.329070518200751e-15,-1.7763568394002505e-15,0.0,1aj7
96,-1.3600232051658168e-14,1.7430501486614958e-14,-1.4432899320127035e-14,-1.8762769116165146e-14,2gvv
97,8.576472865229334e-15,3.1086244689504383e-15,-1.4654943925052066e-14,2.6645352591003757e-15,2a5b
98,-8.881784197001252e-16,-6.039613253960852e-14,-8.881784197001252e-16,1.0658141036401503e-14,1v1m
99,1.3933298959045715e-14,3.352873534367973e-14,2.886579864025407e-14,-3.058664432842306e-14,1z3t
100,6.661338147750939e-16,-1.5987211554602254e-14,5.329070518200751e-15,1.2434497875801753e-14,1mrs
101,-5.440092820663267e-15,-2.220446049250313e-16,4.440892098500626e-15,-1.6653345369377348e-16,2fpz
102,-8.881784197001252e-16,1.4210854715202004e-14,-5.773159728050814e-15,4.263256414560601e-14,1v11
103,1.7763568394002505e-15,-1.1102230246251565e-15,6.661338147750939e-16,-5.773159728050814e-15,1lgw
104,6.661338147750939e-16,6.772360450213455e-15,3.1086244689504383e-15,2.3314683517128287e-15,1nu3
105,2.220446049250313e-16,5.329070518200751e-15,4.440892098500626e-15,3.552713678800501e-15,1tni
106,0.0,-1.0658141036401503e-14,4.884981308350689e-15,-1.7763568394002505e-15,1c5z
107,-6.661338147750939e-16,6.661338147750939e-15,-2.042810365310288e-14,1.509903313490213e-14,1v2w
108,5.551115123125783e-17,2.220446049250313e-16,-2.4424906541753444e-15,4.884981308350689e-15,1li2
109,-2.609024107869118e-15,3.774758283725532e-15,-3.907985046680551e-14,3.552713678800501e-15,1awi
110,1.2212453270876722e-15,-7.105427357601002e-14,7.105427357601002e-15,5.0237591864288333e-14,1r4w
111,-2.220446049250313e-15,-1.7763568394002505e-15,7.105427357601002e-15,1.1879386363489175e-14,1tuf
112,-6.661338147750939e-16,-1.2656542480726785e-13,-1.2434497875801753e-14,0.0,1gj4
113,-4.440892098500626e-16,0.0,7.105427357601002e-15,0.0,1hyo
114,1.0685896612017132e-15,3.774758283725532e-14,2.0095036745715333e-14,6.661338147750939e-15,1y2g
115,-1.7208456881689926e-15,1.9984014443252818e-15,1.7763568394002505e-14,6.661338147750939e-15,1ai7
116,-3.552713678800501e-15,2.1316282072803006e-14,0.0,-7.105427357601002e-15,1jn2
117,2.220446049250313e-16,3.552713678800501e-15,-2.3370194668359545e-14,-2.3092638912203256e-14,1o0n
118,-1.1102230246251565e-15,-8.881784197001252e-16,1.3322676295501878e-15,7.105427357601002e-15,1c5t
119,-1.1102230246251565e-15,2.1316282072803006e-14,-3.552713678800501e-15,1.7763568394002505e-14,1p19
120,1.404432126150823e-14,4.218847493575595e-15,-4.884981308350689e-15,-6.38378239159465e-16,1z3v
121,-6.661338147750939e-16,-1.3322676295501878e-14,-2.4868995751603507e-14,-2.6645352591003757e-15,1v2q
122,2.6145752229922437e-14,-7.549516567451064e-15,1.0658141036401503e-14,7.549516567451064e-15,1gny
123,-9.992007221626409e-16,0.0,5.329070518200751e-15,1.0658141036401503e-14,1m2x
124,3.3306690738754696e-15,-2.6645352591003757e-14,8.881784197001252e-16,-1.7763568394002505e-14,1q91
125,-6.557254739192331e-15,-2.298161660974074e-14,2.7478019859472624e-14,7.849276784099857e-14,2toh
126,2.220446049250313e-16,-8.881784197001252e-16,3.9968028886505635e-15,0.0,1v2s
127,4.440892098500626e-16,-5.773159728050814e-15,3.552713678800501e-15,-1.7763568394002505e-15,1hi3
128,-1.7763568394002505e-15,7.105427357601002e-15,-8.881784197001252e-16,1.7763568394002505e-15,1c5y
129,2.6645352591003757e-15,3.375077994860476e-14,-3.3306690738754696e-16,4.263256414560601e-14,1c87
130,4.440892098500626e-16,-4.440892098500626e-15,-1.7763568394002505e-15,-1.7763568394002505e-15,1ghw
131,2.3869795029440866e-15,-7.993605777301127e-15,-9.325873406851315e-15,3.019806626980426e-14,1ulg
132,1.5543122344752192e-15,-1.7763568394002505e-14,-7.105427357601002e-15,-4.884981308350689e-15,1pzi
133,1.9984014443252818e-15,7.438494264988549e-15,1.2212453270876722e-14,-9.192646643896296e-14,1ua4
134,-1.942890293094024e-15,6.439293542825908e-15,-8.28503932126523e-15,2.1649348980190553e-15,1e2l
135,2.220446049250313e-16,-6.217248937900877e-15,-9.325873406851315e-15,8.881784197001252e-16,1v2l
136,4.163336342344337e-16,1.7985612998927536e-14,-5.440092820663267e-15,-4.551914400963142e-15,1z95
137,4.440892098500626e-15,1.7763568394002505e-15,-1.3322676295501878e-15,5.329070518200751e-15,1rgk
138,2.220446049250313e-16,-2.1760371282653068e-14,-2.4424906541753444e-15,-1.9539925233402755e-14,4rsk
139,-8.881784197001252e-16,-7.460698725481052e-14,0.0,7.105427357601002e-15,1olx
140,-3.552713678800501e-15,-1.3100631690576847e-14,1.3322676295501878e-15,-1.0658141036401503e-14,1e3v
141,-1.5543122344752192e-15,-1.7763568394002505e-14,-3.3306690738754696e-14,-3.375077994860476e-14,1z6s
142,4.440892098500626e-16,3.108624468950438e-14,-1.7763568394002505e-15,1.7763568394002505e-15,1ghv
143,-2.886579864025407e-15,1.4210854715202004e-14,-7.105427357601002e-15,0.0,1yfz
144,1.176836406102666e-14,7.105427357601002e-15,2.930988785010413e-14,4.618527782440651e-14,1dy4
145,-1.9984014443252818e-15,0.0,1.021405182655144e-14,7.105427357601002e-15,1we2
146,-3.552713678800501e-15,-1.9539925233402755e-14,-7.993605777301127e-15,2.1316282072803006e-14,2avq
147,2.220446049250313e-16,-5.329070518200751e-15,1.7763568394002505e-15,2.531308496145357e-14,2csn
148,2.4424906541753444e-15,-1.9984014443252818e-15,0.0,-4.085620730620576e-14,1rgl
149,9.547918011776346e-15,-1.0658141036401503e-14,-3.552713678800501e-14,1.4210854715202004e-14,2amt
150,1.4155343563970746e-15,1.3766765505351941e-14,-3.68594044175552e-14,-2.7533531010703882e-14,1qan
151,2.886579864025407e-15,-5.329070518200751e-15,1.0658141036401503e-14,1.1546319456101628e-14,1j14
152,0.0,0.0,-1.6697754290362354e-13,0.0,1o7o
153,0.0,-7.993605777301127e-15,3.774758283725532e-15,1.2434497875801753e-14,1gi7
154,3.1086244689504383e-15,1.021405182655144e-14,1.1102230246251565e-15,-7.105427357601002e-15,1ctt
155,8.881784197001252e-16,3.552713678800501e-15,-2.1316282072803006e-14,-9.947598300641403e-14,1mrn
156,7.549516567451064e-15,-1.0658141036401503e-14,-1.9984014443252818e-15,0.0,1z4n
157,7.549516567451064e-15,-1.4210854715202004e-14,-2.220446049250313e-16,2.1316282072803006e-14,1z4o
158,-6.661338147750939e-16,-3.552713678800501e-15,8.881784197001252e-16,-4.440892098500626e-16,1amw
159,2.6645352591003757e-15,9.015010959956271e-14,9.992007221626409e-16,0.0,1b2h
160,0.0,0.0,0.0,3.552713678800501e-15,1lyx
161,1.942890293094024e-15,6.661338147750939e-15,-1.4654943925052066e-14,5.551115123125783e-15,1oko
162,3.9968028886505635e-15,-4.440892098500626e-15,3.4638958368304884e-14,1.0658141036401503e-14,1szd
163,-2.1385671011842078e-14,4.440892098500626e-16,-1.2434497875801753e-14,-1.887379141862766e-15,1fj4
164,4.440892098500626e-16,7.549516567451064e-15,-3.774758283725532e-15,0.0,1pa9
165,2.761679773755077e-15,-2.9976021664879227e-15,4.440892098500626e-16,-4.440892098500626e-15,1tx7
166,-6.106226635438361e-16,-1.7763568394002505e-15,2.220446049250313e-16,1.0658141036401503e-14,1upf
167,8.881784197001252e-16,0.0,0.0,0.0,1joc
168,2.525757381022231e-15,-4.440892098500626e-16,-4.440892098500626e-16,-1.2434497875801753e-14,1ofz
169,-8.049116928532385e-16,2.886579864025407e-15,-9.2148511043888e-15,-5.773159728050814e-15,2a5c
170,-9.298117831235686e-16,-5.295763827461997e-14,-8.659739592076221e-15,-4.6629367034256575e-14,2f6t
171,8.881784197001252e-16,-4.440892098500626e-15,-4.618527782440651e-14,6.039613253960852e-14,1bzj
172,2.220446049250313e-16,2.842170943040401e-14,-5.329070518200751e-15,1.2434497875801753e-14,1h4w
173,-2.6645352591003757e-15,0.0,-7.105427357601002e-15,-1.4210854715202004e-14,1m1b
174,5.551115123125783e-16,-5.5067062021407764e-14,-1.3322676295501878e-15,1.7763568394002505e-15,2ca8
175,0.0,0.0,-4.440892098500626e-15,-5.329070518200751e-15,1c5p
176,4.9960036108132044e-15,1.509903313490213e-14,7.105427357601002e-15,-2.6645352591003757e-15,1xge
177,4.440892098500626e-16,-2.6645352591003757e-15,1.7763568394002505e-15,3.552713678800501e-15,1c5n
178,0.0,-2.4868995751603507e-14,-8.881784197001252e-16,7.105427357601002e-15,1c86
179,-2.7755575615628914e-16,8.881784197001252e-16,0.0,1.0658141036401503e-14,3kiv
180,-6.661338147750939e-16,-3.1086244689504383e-15,1.687538997430238e-14,5.329070518200751e-15,1v2t
181,4.440892098500626e-16,1.4210854715202004e-14,1.787459069646502e-14,-7.105427357601002e-15,1w4p
182,3.497202527569243e-15,-6.661338147750939e-16,-3.9968028886505635e-15,1.7763568394002505e-15,2afw
183,-2.220446049250313e-16,0.0,-1.7763568394002505e-15,5.329070518200751e-15,2b4l
184,6.661338147750939e-16,-2.3314683517128287e-15,-3.552713678800501e-15,-8.257283745649602e-16,2dua
185,-1.1102230246251565e-16,9.769962616701378e-15,-3.552713678800501e-15,-1.2434497875801753e-14,1oss
186,0.0,1.0658141036401503e-14,-5.773159728050814e-15,2.842170943040401e-14,1ghz
187,8.465450562766819e-16,1.3100631690576847e-14,1.459943277382081e-14,1.6653345369377348e-15,1aid
188,5.773159728050814e-15,-4.263256414560601e-14,-1.509903313490213e-14,1.7763568394002505e-15,1dud
189,7.327471962526033e-15,-8.881784197001252e-16,7.105427357601002e-15,0.0,1xff
190,-8.881784197001252e-16,1.509903313490213e-14,-3.552713678800501e-15,-9.769962616701378e-15,1y3p
191,-1.4710455076283324e-15,0.0,3.1086244689504383e-15,1.7763568394002505e-15,2gl0
192,-3.9968028886505635e-15,9.769962616701378e-15,1.7763568394002505e-14,5.329070518200751e-15,2gzl
193,4.440892098500626e-16,0.0,1.1546319456101628e-14,3.552713678800501e-15,2ypi
194,-1.4210854715202004e-14,2.6645352591003757e-15,-6.217248937900877e-15,-2.353672812205332e-14,1n51
195,-8.257283745649602e-16,2.148281552649678e-14,-8.881784197001252e-15,1.6431300764452317e-14,1qji
196,4.440892098500626e-16,7.105427357601002e-15,0.0,0.0,1vkj
197,-1.8041124150158794e-16,-1.7763568394002505e-15,-2.55351295663786e-15,1.7763568394002505e-15,1xgi
198,-2.220446049250313e-15,-9.769962616701378e-15,-9.769962616701378e-15,1.7763568394002505e-14,2aoc
199,0.0,-3.552713678800501e-15,-3.375077994860476e-14,-1.2789769243681803e-13,1bzc
200,-1.1102230246251565e-16,-4.285460875053104e-14,2.7755575615628914e-15,-3.530509218307998e-14,1h1p
201,2.220446049250313e-15,-1.4210854715202004e-14,2.842170943040401e-14,3.552713678800501e-14,1jqy
202,-1.3322676295501878e-15,6.217248937900877e-15,7.105427357601002e-14,1.0658141036401503e-14,1y2f
203,-1.942890293094024e-15,1.1102230246251565e-14,3.838596107641479e-14,3.019806626980426e-14,1e2k
204,4.551914400963142e-15,-7.549516567451064e-15,-4.085620730620576e-14,-4.1300296516055823e-14,4ts1
205,-3.774758283725532e-15,4.263256414560601e-14,3.2862601528904634e-14,-8.881784197001252e-15,1jn4
206,2.7755575615628914e-17,0.0,-8.881784197001252e-16,8.881784197001252e-16,1cea
207,1.3322676295501878e-15,8.881784197001252e-16,-5.329070518200751e-15,0.0,1byk
208,4.884981308350689e-15,7.105427357601002e-15,-7.105427357601002e-15,-3.552713678800501e-14,1f8a
209,3.774758283725532e-15,5.839773109528323e-14,7.105427357601002e-15,2.4868995751603507e-14,1hlk
210,5.9119376061289586e-15,-1.9984014443252818e-15,1.3322676295501878e-15,3.1086244689504383e-15,1nc3
211,-2.831068712794149e-15,3.9968028886505635e-15,-2.6645352591003757e-15,-1.9539925233402755e-14,1oai
212,4.440892098500626e-16,-1.7763568394002505e-15,-5.329070518200751e-15,5.329070518200751e-15,1sts
213,6.217248937900877e-15,-7.815970093361102e-14,-4.884981308350689e-15,2.4424906541753444e-15,1ppi
214,-3.3306690738754696e-16,-2.842170943040401e-14,-1.1102230246251565e-15,7.66053886991358e-15,1mfa
215,3.608224830031759e-16,1.9539925233402755e-14,-5.218048215738236e-15,3.0142555118573e-14,1fkw
216,4.218847493575595e-15,-3.4638958368304884e-14,-1.0880185641326534e-14,-3.552713678800501e-14,1gi8
217,-5.273559366969494e-16,1.0325074129013956e-14,3.341771304121721e-14,-3.019806626980426e-14,2c3l
218,1.9984014443252818e-15,3.552713678800501e-15,1.4210854715202004e-14,1.7763568394002505e-15,1m48
219,3.0531133177191805e-16,-7.105427357601002e-15,-4.440892098500626e-14,4.463096558993129e-14,1nw7
220,2.248201624865942e-14,2.842170943040401e-14,-1.4077627952246985e-13,8.881784197001252e-16,1ez9
221,-5.551115123125783e-17,-5.6066262743570405e-15,4.218847493575595e-15,1.709743457922741e-14,1kmy
222,-2.220446049250313e-15,7.105427357601002e-15,1.84297022087776e-14,-4.618527782440651e-14,1o0o
223,8.049116928532385e-16,-8.826273045769994e-15,3.219646771412954e-15,3.9968028886505635e-15,2h5a
224,0.0,-3.708144902248023e-14,-2.2426505097428162e-14,1.0658141036401503e-14,1k4h
225,9.769962616701378e-15,-1.0658141036401503e-14,-3.4416913763379853e-15,7.105427357601002e-15,2h6q
226,-6.661338147750939e-16,2.6645352591003757e-15,6.217248937900877e-15,-4.440892098500626e-15,1qaw
227,-1.1102230246251565e-16,1.5765166949677223e-14,1.1102230246251565e-14,1.304512053934559e-14,1gcz
228,-2.1718737919229625e-15,-6.372680161348399e-14,-3.863576125695545e-14,-2.2537527399890678e-14,2br1
229,0.0,7.105427357601002e-15,7.105427357601002e-15,7.105427357601002e-15,1jcx
230,2.6645352591003757e-15,-7.105427357601002e-15,2.6645352591003757e-14,3.197442310920451e-14,1o0m
231,-6.38378239159465e-16,1.4210854715202004e-14,1.5543122344752192e-15,1.3322676295501878e-15,1pb8
232,-2.914335439641036e-16,1.6431300764452317e-14,-2.3370194668359545e-14,-3.1086244689504383e-15,1s38
233,2.6645352591003757e-15,0.0,0.0,-9.947598300641403e-14,1thz
234,-6.245004513516506e-17,2.220446049250313e-16,1.4765966227514582e-14,-2.886579864025407e-15,2afx
235,2.3869795029440866e-15,-1.7763568394002505e-15,-1.2434497875801753e-14,8.881784197001252e-16,2f5t
236,2.831068712794149e-15,-1.0880185641326534e-14,2.398081733190338e-14,7.993605777301127e-15,1ocq
237,1.1102230246251565e-15,1.7985612998927536e-14,3.730349362740526e-14,2.1316282072803006e-14,1nw5
238,0.0,-7.105427357601002e-15,1.4210854715202004e-14,2.842170943040401e-14,1bq4
239,4.440892098500626e-15,-1.2434497875801753e-14,-1.1102230246251565e-15,-1.0658141036401503e-14,1gi9
240,-3.3306690738754696e-16,-2.6645352591003757e-15,-4.440892098500626e-16,1.9539925233402755e-14,1gjd
241,1.3322676295501878e-15,-3.552713678800501e-15,-5.329070518200751e-15,2.220446049250313e-14,1h1h
242,1.3322676295501878e-15,2.842170943040401e-14,0.0,3.552713678800501e-15,1ucn
243,1.1102230246251565e-15,0.0,3.952393967665557e-14,-1.7763568394002505e-15,1w4o
244,1.4016565685892601e-15,0.0,7.993605777301127e-15,2.886579864025407e-15,2hxm
245,-3.3306690738754696e-15,2.2426505097428162e-14,3.552713678800501e-15,-1.7763568394002505e-15,1b4z
246,-1.734723475976807e-15,-1.1102230246251565e-16,4.596323321948148e-14,-3.4861002973229915e-14,1q8w
247,-5.828670879282072e-16,-7.882583474838611e-15,1.7430501486614958e-14,-2.6978419498391304e-14,2bfr
248,4.440892098500626e-16,0.0,-1.2434497875801753e-14,-5.329070518200751e-15,1w4q
249,-3.552713678800501e-15,-2.1316282072803006e-14,-7.993605777301127e-15,-1.4210854715202004e-14,1qca
250,1.5543122344752192e-15,5.684341886080802e-14,-2.6645352591003757e-15,-2.1316282072803006e-14,1b46
251,-2.9976021664879227e-15,1.7763568394002505e-14,-1.7763568394002505e-15,-1.7763568394002505e-15,1f5l
252,1.9984014443252818e-15,4.6629367034256575e-15,3.552713678800501e-15,9.769962616701378e-15,1c88
253,-3.1086244689504383e-15,0.0,4.618527782440651e-14,-2.1316282072803006e-14,1h6h
254,-1.5543122344752192e-15,-2.1316282072803006e-14,-3.552713678800501e-15,7.105427357601002e-15,1o0f
255,2.581268532253489e-15,-1.2434497875801753e-14,-7.993605777301127e-15,6.994405055138486e-15,1pr1
256,0.0,0.0,9.769962616701378e-15,1.7763568394002505e-15,1srg
257,2.914335439641036e-16,-4.6629367034256575e-15,3.114175584073564e-14,-3.991251773527438e-14,1xbb
258,1.1102230246251565e-16,-1.7319479184152442e-14,7.993605777301127e-15,-2.0650148258027912e-14,1mfd
259,-5.551115123125783e-17,3.3306690738754696e-14,2.020605904817785e-14,1.0658141036401503e-14,1y20
260,6.661338147750939e-16,0.0,1.4210854715202004e-14,0.0,2c80
261,1.3877787807814457e-16,4.451994328746878e-14,4.884981308350689e-15,-1.2212453270876722e-15,1zgi
262,6.661338147750939e-16,6.661338147750939e-15,1.0658141036401503e-14,7.105427357601002e-15,2fxv
263,1.3322676295501878e-15,-8.881784197001252e-16,1.7763568394002505e-15,-1.1102230246251565e-15,1adl
264,-6.661338147750939e-16,-2.3869795029440866e-14,4.440892098500626e-15,-3.552713678800501e-15,1sgu
265,-8.881784197001252e-16,-1.3322676295501878e-14,-2.1316282072803006e-14,-1.7763568394002505e-15,1qbv
266,2.3592239273284576e-16,6.439293542825908e-15,8.393286066166183e-14,3.1086244689504383e-15,2h6b
267,-8.534839501805891e-16,-5.995204332975845e-14,5.662137425588298e-15,-7.771561172376096e-16,1m7i
268,1.7763568394002505e-15,-4.440892098500626e-16,5.329070518200751e-15,4.618527782440651e-14,1mmr
269,1.970645868709653e-15,7.549516567451064e-15,2.8949065367100957e-14,1.5543122344752192e-15,1r9l
270,2.1788126858268697e-15,1.5432100042289676e-14,-1.0658141036401503e-14,-3.9745984281580604e-14,2i80
271,2.0816681711721685e-17,-1.554312234475219e-14,2.3092638912203256e-14,-6.139533326177116e-14,2j47
272,-6.661338147750939e-16,-1.7763568394002505e-15,1.5543122344752192e-15,2.1316282072803006e-14,1gja
273,8.881784197001252e-16,-1.7763568394002505e-14,0.0,1.4210854715202004e-14,1h0a
274,-3.608224830031759e-15,-1.7763568394002505e-15,-1.9984014443252818e-14,-7.549516567451064e-15,1syi
275,6.106226635438361e-16,-1.021405182655144e-14,3.0531133177191805e-14,9.159339953157541e-16,2iko
276,4.440892098500626e-16,-7.993605777301127e-15,1.3322676295501878e-15,-7.993605777301127e-15,1b4h
277,2.220446049250313e-16,-4.3853809472693683e-14,-2.375877272697835e-14,1.6181500583911657e-14,1q65
278,-4.440892098500626e-15,-1.4210854715202004e-14,7.105427357601002e-15,-2.6645352591003757e-14,1g7f
279,3.9968028886505635e-15,-2.842170943040401e-14,7.105427357601002e-15,-1.4210854715202004e-14,1gi1
280,3.9968028886505635e-15,5.329070518200751e-15,-8.881784197001252e-15,2.2648549702353193e-14,1o2s
281,6.217248937900877e-15,0.0,7.105427357601002e-15,1.7763568394002505e-13,2hf8
282,-1.186550857568136e-15,-5.062616992290714e-14,-1.942890293094024e-15,6.078471059822732e-15,1g85
283,1.7763568394002505e-15,-1.709743457922741e-14,-3.9968028886505635e-15,-2.6645352591003757e-15,1pot
284,1.5543122344752192e-15,1.4654943925052066e-14,5.3290705182007514e-14,-1.7763568394002505e-14,1tys
285,-1.1102230246251565e-15,2.9753977059954195e-14,-6.838973831690964e-14,8.215650382226158e-14,2h4k
286,1.199040866595169e-14,3.552713678800501e-15,-9.769962616701378e-15,-4.973799150320701e-14,1kc7
287,-1.1102230246251565e-16,6.217248937900877e-15,3.552713678800501e-15,-5.329070518200751e-15,1oe8
288,1.1102230246251565e-15,-2.3314683517128287e-15,2.220446049250313e-15,-2.220446049250313e-14,1ydr
289,3.552713678800501e-15,1.3988810110276972e-14,8.881784197001252e-16,-2.4424906541753444e-14,2olb
290,8.881784197001252e-16,-4.440892098500626e-15,6.761258219967203e-14,-1.0658141036401503e-14,1njc
291,-4.440892098500626e-16,1.509903313490213e-14,-1.3211653993039363e-14,3.552713678800501e-15,1y3n
292,7.216449660063518e-16,-3.8413716652030416e-14,2.1094237467877974e-14,-5.906386491005833e-14,1jak
293,6.661338147750939e-16,1.2434497875801753e-14,-2.4730217873525362e-14,0.0,1njd
294,-2.3037127760972e-15,-1.021405182655144e-14,3.552713678800501e-15,1.6431300764452317e-14,1f4x
295,-1.1102230246251565e-15,-1.5987211554602254e-14,-1.0658141036401503e-14,-6.217248937900877e-15,1ejn
296,6.661338147750939e-16,-1.7763568394002505e-15,-3.552713678800501e-15,-3.552713678800501e-15,1vwl
297,2.7755575615628914e-17,7.327471962526033e-15,2.6645352591003757e-14,-7.549516567451064e-15,1f57
298,2.6645352591003757e-15,-5.3290705182007514e-14,8.704148513061227e-14,-3.1086244689504383e-15,1lrt
299,-6.106226635438361e-15,-6.217248937900877e-15,-1.7763568394002505e-15,-1.554312234475219e-14,1z9g
300,-4.440892098500626e-15,0.0,5.684341886080802e-14,-7.105427357601002e-15,1n5r
301,-2.220446049250313e-15,-9.769962616701378e-15,9.769962616701378e-15,-1.7763568394002505e-15,2aod
302,-8.881784197001252e-16,1.0436096431476471e-14,-3.042011087472929e-14,1.509903313490213e-14,2erz
303,-7.632783294297951e-16,1.0547118733938987e-15,-1.0658141036401503e-14,7.993605777301127e-15,2qwf
304,-1.3322676295501878e-15,7.105427357601002e-15,-5.551115123125783e-15,1.1546319456101628e-14,1gnn
305,-2.220446049250313e-16,-1.7763568394002505e-15,1.7763568394002505e-15,5.329070518200751e-15,1ow4
306,1.021405182655144e-14,2.1316282072803006e-14,-3.552713678800501e-15,-4.263256414560601e-14,2c92
307,1.6653345369377348e-15,-2.19824158875781e-14,1.6764367671839864e-14,-2.375877272697835e-14,2cbu
308,1.1546319456101628e-14,-7.105427357601002e-15,1.4210854715202004e-14,-3.552713678800501e-15,1a99
309,-4.884981308350689e-15,-1.7763568394002505e-14,1.4210854715202004e-14,3.552713678800501e-15,1egh
310,-4.440892098500626e-16,-9.237055564881302e-14,4.973799150320701e-14,3.552713678800501e-15,1g98
311,3.552713678800501e-15,-7.105427357601002e-15,-2.6645352591003757e-15,-3.9968028886505635e-15,1g9r
312,8.215650382226158e-15,-1.7763568394002505e-14,1.4210854715202004e-14,-4.285460875053104e-14,1n1m
313,8.881784197001252e-16,0.0,8.881784197001252e-16,-3.552713678800501e-14,1pgp
314,1.5543122344752192e-15,0.0,6.661338147750939e-16,-7.105427357601002e-15,2adm
315,-3.552713678800501e-15,-6.217248937900877e-15,-3.552713678800501e-15,-1.0658141036401503e-14,2avm
316,0.0,1.7763568394002505e-15,-2.6645352591003757e-15,-6.661338147750939e-15,1obx
317,2.42861286636753e-16,-8.881784197001252e-16,-3.774758283725532e-15,-2.842170943040401e-14,1g3b
318,4.440892098500626e-16,7.105427357601002e-15,-1.7763568394002505e-15,8.659739592076221e-15,1o33
319,-1.3461454173580023e-15,-8.854028621385623e-15,-3.2029934260435766e-14,6.106226635438361e-15,1qy2
320,-7.216449660063518e-15,-1.7763568394002505e-15,-2.842170943040401e-14,-2.7533531010703882e-14,1zdp
321,0.0,1.865174681370263e-14,-8.881784197001252e-16,8.881784197001252e-15,1q66
322,-3.7539416020138106e-15,1.1213252548714081e-14,-1.2101430968414206e-14,4.1744385725905886e-14,1ur9
323,1.3322676295501878e-14,-2.842170943040401e-14,0.0,2.842170943040401e-14,1vjj
324,-4.218847493575595e-15,8.881784197001252e-16,2.6645352591003757e-15,-1.2434497875801753e-14,1hmt
325,-1.97758476261356e-15,3.552713678800501e-15,-2.220446049250313e-15,-3.552713678800501e-15,1g3c
326,-5.43315392675936e-15,3.83026943495679e-15,4.6629367034256575e-15,1.2212453270876722e-15,1kpm
327,5.329070518200751e-15,0.0,0.0,1.4210854715202004e-13,1rle
328,7.771561172376096e-15,-2.1316282072803006e-14,-3.552713678800501e-14,7.105427357601002e-14,1sgx
329,-6.439293542825908e-15,-4.618527782440651e-14,1.0658141036401503e-14,-2.1316282072803006e-14,11gs
330,6.106226635438361e-16,-1.7291723608536813e-14,-5.551115123125783e-16,2.0539125955565396e-15,1apb
331,-5.329070518200751e-15,2.1316282072803006e-14,-9.769962616701378e-15,-4.263256414560601e-14,1kav
332,-5.551115123125783e-17,2.1066481892262345e-14,-1.1102230246251565e-16,-4.884981308350689e-15,1urg
333,3.1086244689504383e-15,1.4210854715202004e-14,-3.552713678800501e-15,3.907985046680551e-14,1o2x
334,4.440892098500626e-16,-1.4210854715202004e-14,8.526512829121202e-14,1.7763568394002505e-15,1q54
335,-3.400058012914542e-16,-3.0225821845419887e-14,-3.530509218307998e-14,3.885780586188048e-15,1q63
336,1.9567680809018384e-15,9.492406860545088e-15,-7.105427357601002e-15,-1.0103029524088925e-14,1qbn
337,-1.1102230246251565e-15,1.0658141036401503e-14,0.0,-3.108624468950438e-14,2tmn
338,3.9968028886505635e-15,-2.220446049250313e-15,-7.105427357601002e-15,-2.842170943040401e-14,1v2n
339,-1.0269562977782698e-15,-6.661338147750939e-15,2.220446049250313e-16,-3.1086244689504383e-15,1ugx
340,0.0,3.802513859341161e-14,-7.638334409421077e-14,1.0658141036401503e-14,1a4w
341,2.42861286636753e-15,1.1546319456101628e-14,-3.1086244689504383e-15,-2.220446049250313e-16,1aj6
342,-4.218847493575595e-15,1.9095836023552692e-14,-1.887379141862766e-15,3.3306690738754696e-16,1jao
343,-1.3877787807814457e-15,2.6645352591003757e-15,4.440892098500626e-15,1.5987211554602254e-14,1kyv
344,-8.881784197001252e-16,-1.3322676295501878e-14,-9.547918011776346e-15,2.7755575615628914e-16,1ndv
345,1.3322676295501878e-15,-2.042810365310288e-14,-8.881784197001252e-16,-1.4210854715202004e-14,1qka
346,8.881784197001252e-16,5.551115123125783e-16,-9.43689570931383e-14,-7.993605777301127e-15,1yds
347,6.661338147750939e-16,0.0,1.7763568394002505e-15,-2.6645352591003757e-15,2ans
348,2.7755575615628914e-16,1.7763568394002505e-15,2.1094237467877974e-15,-7.105427357601002e-15,1fv0
349,-9.43689570931383e-16,2.1094237467877974e-15,7.216449660063518e-15,-8.215650382226158e-15,1d6w
350,1.942890293094024e-15,-2.2870594307278225e-14,-1.9984014443252818e-15,3.552713678800501e-14,1o36
351,-2.220446049250313e-16,-7.105427357601002e-15,-5.329070518200751e-15,-1.1546319456101628e-14,1q8u
352,-1.304512053934559e-15,4.440892098500626e-15,-3.197442310920451e-14,-5.10702591327572e-15,2j79
353,1.915134717478395e-15,1.3322676295501878e-15,-1.7763568394002505e-15,-1.5543122344752192e-15,1uwu
354,4.440892098500626e-16,-1.7763568394002505e-15,1.3322676295501878e-15,1.0658141036401503e-14,1c5s
355,2.7755575615628914e-17,-1.0658141036401503e-14,-8.881784197001252e-16,0.0,1ceb
356,4.440892098500626e-15,-4.440892098500626e-15,2.842170943040401e-14,-2.842170943040401e-14,1d2e
357,1.9984014443252818e-15,1.7763568394002505e-15,8.881784197001252e-15,6.661338147750939e-16,1f0t
358,-5.551115123125783e-17,-2.7977620220553945e-14,-2.220446049250313e-15,7.993605777301127e-15,1hn2
359,-6.5503158452884236e-15,-3.019806626980426e-14,1.0658141036401503e-14,-1.3322676295501878e-14,1jq8
360,-1.942890293094024e-16,-8.881784197001252e-16,-1.9984014443252818e-15,-2.220446049250313e-15,1ssq
361,5.995204332975845e-15,6.394884621840902e-14,3.552713678800501e-15,-6.394884621840902e-14,1xk5
362,2.6922908347160046e-15,1.7957857423311907e-14,-3.7192471324942744e-15,-1.1102230246251565e-14,2bvd
363,-3.400058012914542e-16,-1.7763568394002505e-15,-1.3322676295501878e-15,-2.042810365310288e-14,2izl
364,4.440892098500626e-15,1.687538997430238e-14,-1.3322676295501878e-15,-2.930988785010413e-14,1b5h
365,1.0269562977782698e-15,-3.275157922644212e-14,1.887379141862766e-14,-9.658940314238862e-15,1tcw
366,0.0,2.123301534595612e-15,2.275957200481571e-14,-4.107825191113079e-15,1n8v
367,-8.326672684688674e-16,-1.0436096431476471e-14,5.613565168260948e-15,8.659739592076221e-15,1okl
368,-2.842170943040401e-14,-1.7763568394002505e-15,2.1316282072803006e-14,-1.3322676295501878e-14,1os0
369,-1.762479051592436e-15,-2.7200464103316335e-15,-1.5265566588595902e-15,-8.604228440844963e-15,1sh9
370,2.1094237467877974e-15,2.1316282072803006e-14,5.1514348342607263e-14,5.329070518200751e-15,1t7d
371,6.661338147750939e-16,8.881784197001252e-16,-3.5860203695392556e-14,-1.0658141036401503e-14,1jmi
372,3.2751579226442118e-15,-2.220446049250313e-15,-1.7763568394002505e-15,-4.218847493575595e-15,1kjr
373,4.440892098500626e-16,4.440892098500626e-15,1.4210854715202004e-14,7.105427357601002e-15,1qb6
374,6.661338147750939e-16,1.7763568394002505e-14,3.5083047578154947e-14,3.552713678800501e-15,1jmg
375,-2.1094237467877974e-15,-1.3988810110276972e-14,-2.220446049250313e-15,-1.4210854715202004e-14,2gst
376,-2.220446049250313e-16,7.993605777301127e-15,0.0,2.6645352591003757e-15,1o2n
377,2.6027791033556014e-14,5.773159728050814e-15,-1.0658141036401503e-14,3.086420008457935e-14,1dzk
378,4.2049697057677804e-15,-1.63202784619898e-14,-3.1086244689504383e-15,2.9906632725840154e-14,1lgt
379,-4.996003610813204e-16,-2.4980018054066022e-15,3.1086244689504383e-15,-4.440892098500626e-16,1meu
380,-5.037636974236648e-15,-2.3314683517128287e-15,-1.687538997430238e-14,-4.884981308350689e-15,2ewb
381,0.0,1.021405182655144e-14,0.0,-2.6645352591003757e-15,1g32
382,-2.220446049250313e-16,2.220446049250313e-14,4.085620730620576e-14,-1.7763568394002505e-15,1m2p
383,3.6637359812630166e-15,-1.7763568394002505e-15,-1.7763568394002505e-15,2.1316282072803006e-14,1o2z
384,1.7763568394002505e-15,5.329070518200751e-15,0.0,3.552713678800501e-15,1x8r
385,1.8388068845354155e-15,9.2148511043888e-15,5.551115123125783e-16,1.4432899320127035e-15,2fgv
386,-1.354472090042691e-14,2.1316282072803006e-14,2.6645352591003757e-15,-7.105427357601002e-15,2c97
387,1.7763568394002505e-15,-3.552713678800501e-15,-2.1094237467877974e-14,-2.1316282072803006e-14,2fqt
388,-3.219646771412954e-15,-7.993605777301127e-15,1.2723155862204294e-13,-2.220446049250313e-15,1tsl
389,-4.440892098500626e-16,-1.0658141036401503e-14,1.3655743202889425e-14,2.842170943040401e-14,1ppc
390,1.5543122344752192e-15,7.105427357601002e-15,4.263256414560601e-14,5.684341886080802e-14,1d6v
391,8.770761894538737e-15,-4.107825191113079e-15,-7.993605777301127e-15,1.7763568394002505e-15,1yc1
392,-8.881784197001252e-16,8.881784197001252e-16,0.0,1.7763568394002505e-15,1xhy
393,2.4424906541753444e-15,2.6423307986078726e-14,1.7763568394002505e-15,-2.6201263381153694e-14,2c3j
394,3.3306690738754696e-16,-6.217248937900877e-15,2.6645352591003757e-14,-2.398081733190338e-14,1iy7
395,0.0,2.1316282072803006e-14,1.0658141036401503e-14,-7.105427357601002e-15,1tq4
396,-8.326672684688674e-16,5.329070518200751e-15,-5.218048215738236e-15,-4.218847493575595e-15,1v2k
397,-9.71445146547012e-17,-3.885780586188048e-15,1.6653345369377348e-15,4.440892098500626e-16,2bt9
398,-5.551115123125783e-16,-1.7763568394002505e-15,1.7763568394002505e-14,6.217248937900877e-15,1owe
399,1.6653345369377348e-15,-8.881784197001252e-16,3.552713678800501e-15,-1.0658141036401503e-14,1sqt
400,1.9984014443252818e-15,-5.329070518200751e-15,-7.993605777301127e-15,-2.842170943040401e-14,1b3h
401,1.7763568394002505e-15,8.881784197001252e-16,1.7763568394002505e-15,7.549516567451064e-15,1gi6
402,5.551115123125783e-16,1.5987211554602254e-14,1.3322676295501878e-15,-7.771561172376096e-15,1m7d
403,1.4988010832439613e-15,3.1086244689504383e-15,6.217248937900877e-15,-3.3306690738754696e-16,1hnn
404,-4.440892098500626e-16,1.0658141036401503e-14,-9.325873406851315e-15,9.769962616701378e-15,1gnm
405,3.70536934468646e-15,3.164135620181696e-15,-2.1760371282653068e-14,-3.3306690738754696e-15,1zky
406,-3.9968028886505635e-15,7.105427357601002e-15,3.197442310920451e-14,-1.7763568394002505e-14,1afl
407,-4.440892098500626e-15,0.0,-9.769962616701378e-15,0.0,1atl
408,-2.5757174171303632e-14,-2.0289325775024736e-14,-1.4654943925052066e-14,-1.687538997430238e-14,1w3l
409,-3.552713678800501e-15,-2.042810365310288e-14,6.8833827526759706e-15,5.329070518200751e-15,2aog
410,-2.220446049250313e-16,-7.105427357601002e-15,1.0658141036401503e-14,6.217248937900877e-15,1d4p
411,-5.551115123125783e-16,-3.3306690738754696e-16,2.6645352591003757e-15,1.532107773982716e-14,1lag
412,2.7755575615628914e-16,-2.6645352591003757e-15,9.270362255620057e-15,-6.106226635438361e-15,1wdn
413,-1.8214596497756474e-15,-6.5503158452884236e-15,1.6181500583911657e-14,1.3614109839465982e-14,1wm1
414,-1.9012569296705806e-15,-5.745404152435185e-15,-2.531308496145357e-14,2.7255975254547593e-14,2bal
415,-2.4424906541753444e-15,-5.551115123125783e-15,1.8207657603852567e-14,1.5543122344752192e-15,1w3j
416,-3.552713678800501e-15,-3.9968028886505635e-15,1.7763568394002505e-15,2.1316282072803006e-14,1ex8
417,3.469446951953614e-17,2.8754776337791554e-14,-1.2850831510036187e-14,6.661338147750939e-16,1bdq
418,0.0,-3.266831249959523e-14,1.7763568394002505e-15,-7.549516567451064e-15,1xq0
419,0.0,-7.993605777301127e-15,-1.0658141036401503e-14,3.552713678800501e-15,1cbx
420,-4.9960036108132044e-15,-1.1546319456101628e-14,9.769962616701378e-15,-2.1316282072803006e-14,1gjb
421,-4.9960036108132044e-15,-2.4868995751603507e-14,6.217248937900877e-15,-2.1316282072803006e-14,1gjc
422,-2.6645352591003757e-15,6.217248937900877e-15,1.7763568394002505e-15,1.2878587085651816e-14,1c5q
423,4.440892098500626e-16,-2.042810365310288e-14,8.881784197001252e-15,2.6867397195928788e-14,1o2o
424,2.220446049250313e-16,1.1879386363489175e-14,-1.1102230246251565e-15,-7.771561172376096e-16,6abp
425,-8.215650382226158e-15,1.2434497875801753e-14,3.552713678800501e-15,1.7763568394002505e-15,1hbv
426,6.661338147750939e-16,-3.552713678800501e-15,3.9968028886505635e-15,-1.5543122344752192e-15,1hms
427,-2.6367796834847468e-15,4.440892098500626e-16,-3.552713678800501e-15,-7.105427357601002e-14,5tln
428,0.0,-7.105427357601002e-15,0.0,-2.5757174171303632e-14,1g7v
429,-3.6637359812630166e-15,-8.659739592076221e-15,2.7478019859472624e-15,3.9968028886505635e-15,1i7z
430,4.773959005888173e-15,-4.440892098500626e-15,1.7763568394002505e-15,-3.552713678800501e-15,1igb
431,-1.817990202823694e-15,-2.3314683517128287e-15,1.6653345369377348e-15,6.772360450213455e-15,1yvm
432,-3.6012859361278515e-15,2.1094237467877974e-15,-8.770761894538737e-15,2.1635471192382738e-14,1i80
433,2.220446049250313e-16,1.9895196601282805e-13,1.2434497875801753e-14,-4.618527782440651e-14,1w0y
434,-2.3939183968479938e-15,-3.064215547965432e-14,-4.1744385725905886e-14,1.0880185641326534e-14,2b07
435,1.7763568394002505e-15,1.7763568394002505e-15,-2.8976820942716586e-14,3.197442310920451e-14,2fqo
436,-4.586608870482678e-15,-1.9984014443252818e-15,1.0630385460785874e-14,6.5503158452884236e-15,2ivu
437,1.3877787807814457e-16,3.086420008457935e-14,-1.3988810110276972e-14,-8.43769498715119e-15,1m2r
438,2.706168622523819e-16,2.731148640577885e-14,2.6645352591003757e-15,3.4416913763379853e-15,1r5y
439,1.634803403760543e-14,2.1760371282653068e-14,-2.4424906541753444e-14,2.353672812205332e-14,1ro6
440,6.106226635438361e-16,-4.440892098500626e-15,2.55351295663786e-15,3.594347042223944e-15,7abp
441,9.575673587391975e-16,1.4432899320127035e-15,-1.4432899320127035e-15,5.218048215738236e-15,1j01
442,-8.881784197001252e-16,9.325873406851315e-15,-3.4638958368304884e-14,2.0161650127192843e-13,1gpn
443,-5.551115123125783e-17,8.881784197001252e-16,-4.884981308350689e-15,-2.886579864025407e-15,1rpj
444,-4.440892098500626e-16,-3.552713678800501e-14,-9.769962616701378e-15,1.7763568394002505e-15,1dl7
445,-3.6637359812630166e-15,-1.0658141036401503e-14,-1.4210854715202004e-14,0.0,1alw
446,-3.011479954295737e-15,-2.220446049250313e-16,-2.2648549702353193e-14,0.0,1ct8
447,-6.175615574477433e-16,1.2295719997723609e-14,2.7644553313166398e-14,6.994405055138486e-15,1qy1
448,-1.5404344466674047e-14,-7.993605777301127e-15,-2.485511796379569e-13,-1.1113332476497817e-13,1zhy
449,-2.275957200481571e-15,-1.509903313490213e-14,-6.217248937900877e-14,7.016609515630989e-14,2h4g
450,1.2434497875801753e-14,9.769962616701378e-15,-7.460698725481052e-14,-5.5067062021407764e-14,1dhj
451,-4.6629367034256575e-15,-3.552713678800501e-15,-2.6645352591003757e-15,1.9984014443252818e-15,1hmr
452,0.0,1.3322676295501878e-14,-7.549516567451064e-15,-5.384581669432009e-15,1n4h
453,1.3322676295501878e-15,2.6645352591003757e-15,-2.886579864025407e-15,5.051514762044462e-15,1yc4
454,4.718447854656915e-16,-5.995204332975845e-15,4.9960036108132044e-15,-6.8833827526759706e-15,1yda
455,2.9698465908722937e-15,-2.4341639814906557e-14,-5.800915303666443e-15,-6.8833827526759706e-15,2fqy
456,-1.4259426972529354e-14,1.865174681370263e-14,-1.7541523789077473e-14,-1.9539925233402755e-14,5er2
457,2.1649348980190553e-15,-1.1435297153639112e-14,3.552713678800501e-15,1.7763568394002505e-15,1k1i
458,2.6645352591003757e-15,-8.881784197001252e-16,-2.6645352591003757e-15,3.552713678800501e-15,1b58
459,-2.060851489460447e-15,-1.1844691893969639e-14,2.353672812205332e-14,-5.7592819402429996e-15,1izi
460,-3.9968028886505635e-15,-7.105427357601002e-15,-3.552713678800501e-14,-1.7763568394002505e-15,1g7g
461,-3.552713678800501e-15,-7.460698725481052e-14,-1.0658141036401503e-14,3.552713678800501e-15,1jzs
462,-1.1102230246251565e-15,6.661338147750939e-15,2.6645352591003757e-15,9.681144774731365e-14,1vot
463,-4.683753385137379e-15,2.248201624865942e-14,8.104628079763643e-15,1.3988810110276972e-14,2euk
464,5.551115123125783e-15,2.4868995751603507e-14,8.215650382226158e-15,-1.5987211554602254e-14,2f7p
465,-3.9968028886505635e-15,0.0,7.105427357601002e-15,1.7763568394002505e-14,1afk
466,-6.661338147750939e-16,1.3766765505351941e-14,-1.509903313490213e-14,0.0,1ii5
467,-4.440892098500626e-16,1.4210854715202004e-14,3.730349362740526e-14,-1.4210854715202004e-14,1jd5
468,2.4980018054066022e-15,4.440892098500626e-16,8.881784197001252e-15,0.0,2j7b
469,8.881784197001252e-15,1.4488410471358293e-14,5.329070518200751e-15,1.7763568394002505e-15,1sln
470,2.275957200481571e-15,3.008704396734174e-14,-1.2434497875801753e-14,1.2434497875801753e-14,2j75
471,-4.440892098500626e-16,7.105427357601002e-15,1.0658141036401503e-14,-3.3306690738754696e-16,1a4r
472,2.220446049250313e-16,-8.881784197001252e-16,-3.552713678800501e-15,-5.329070518200751e-15,1cps
473,3.219646771412954e-15,5.551115123125783e-16,-1.7763568394002505e-15,7.993605777301127e-15,1elc
474,-2.5951463200613034e-15,1.3378187446733136e-14,-4.218847493575595e-15,-3.774758283725532e-15,1pxp
475,0.0,1.4210854715202004e-14,-1.7763568394002505e-15,-1.7763568394002505e-14,1mai
476,-1.5265566588595902e-15,1.176836406102666e-14,0.0,-7.049916206369744e-15,2fqw
477,6.661338147750939e-16,-1.2878587085651816e-14,-1.7763568394002505e-15,0.0,1b3g
478,0.0,2.6645352591003757e-14,-7.993605777301127e-15,5.329070518200751e-15,1dfo
479,1.457167719820518e-15,3.1086244689504383e-15,5.329070518200751e-15,1.1102230246251565e-15,1eld
480,0.0,4.707345624410664e-14,-1.1102230246251565e-15,-2.6645352591003757e-15,1f3e
481,1.1872447469585268e-14,-2.6201263381153694e-14,-3.8191672047105385e-14,1.4988010832439613e-14,1hp0
482,-2.3592239273284576e-15,-2.398081733190338e-14,-3.3306690738754696e-15,-8.881784197001252e-16,1qy5
483,7.549516567451064e-15,1.9539925233402755e-14,3.552713678800501e-15,0.0,1rdt
484,-9.020562075079397e-16,-2.1260770921571748e-14,-1.7763568394002505e-15,6.372680161348399e-14,1rek
485,-2.220446049250313e-16,-4.440892098500626e-14,1.3711254354120683e-14,-3.730349362740526e-14,2eum
486,-1.942890293094024e-16,-2.475797344914099e-14,4.107825191113079e-15,-5.745404152435185e-15,2evl
487,-2.1094237467877974e-15,-2.2315482794965646e-14,2.4424906541753444e-15,-3.552713678800501e-15,3gst
488,7.494005416219807e-16,5.329070518200751e-15,-1.2434497875801753e-14,6.217248937900877e-15,1wvj
489,-2.7755575615628914e-17,4.068967385251199e-14,2.4424906541753444e-15,-3.885780586188048e-15,1add
490,2.6645352591003757e-15,7.105427357601002e-15,-1.5987211554602254e-14,-1.0658141036401503e-14,1o30
491,3.552713678800501e-15,2.1316282072803006e-14,-3.552713678800501e-15,2.3314683517128287e-14,1o3j
492,3.552713678800501e-15,7.993605777301127e-15,-7.105427357601002e-15,4.463096558993129e-14,1o3k
493,5.134781488891349e-16,5.773159728050814e-15,1.5543122344752192e-15,7.105427357601002e-15,1qb1
494,-1.5543122344752192e-15,2.4868995751603507e-14,0.0,-3.552713678800501e-14,1fl3
495,-3.552713678800501e-15,7.549516567451064e-15,-2.220446049250313e-15,1.7763568394002505e-14,1nq7
496,-8.881784197001252e-16,7.105427357601002e-15,3.552713678800501e-15,-7.105427357601002e-15,1p1n
497,4.996003610813204e-16,-9.520162436160717e-15,-8.548717289613705e-15,5.329070518200751e-15,1drk
498,3.7192471324942744e-15,-2.9976021664879227e-15,-2.220446049250313e-15,-1.0158540675320182e-14,1fhd
499,-1.7763568394002505e-15,-4.440892098500626e-14,-1.7763568394002505e-15,-1.2434497875801753e-14,1jeu
500,-4.996003610813204e-16,0.0,-6.217248937900877e-15,-7.549516567451064e-15,1k1n
501,-2.220446049250313e-15,3.907985046680551e-14,-1.7763568394002505e-15,0.0,1lrh
502,1.6653345369377348e-15,8.326672684688674e-16,0.0,-1.199040866595169e-14,1uwf
503,6.217248937900877e-15,-1.4210854715202004e-14,7.549516567451064e-15,-2.842170943040401e-14,2c94
504,6.661338147750939e-16,2.0106138975961585e-13,1.7763568394002505e-15,8.881784197001252e-15,1bhx
505,1.3877787807814457e-15,-1.1032841307212493e-14,-9.325873406851315e-15,-9.71445146547012e-16,1bap
506,1.457167719820518e-15,6.328271240363392e-15,-1.2878587085651816e-14,-5.551115123125783e-15,1ele
507,8.881784197001252e-16,-1.176836406102666e-14,3.552713678800501e-15,8.881784197001252e-15,1g30
508,-1.3856971126102735e-14,2.886579864025407e-14,-5.684341886080802e-14,1.6486811915683575e-14,1os5
509,-2.9976021664879227e-15,3.552713678800501e-15,4.440892098500626e-14,7.105427357601002e-15,1tvo
510,7.882583474838611e-15,2.708944180085382e-14,-7.202571872255703e-14,-1.0658141036401503e-13,1xk9
511,6.938893903907228e-16,1.3322676295501878e-15,3.1086244689504383e-15,2.531308496145357e-14,1xt8
512,-8.881784197001252e-16,7.216449660063518e-16,8.881784197001252e-15,-4.884981308350689e-15,3aid
513,3.885780586188048e-15,-1.509903313490213e-14,2.3092638912203256e-14,-1.199040866595169e-14,1cgl
514,-2.220446049250313e-16,2.842170943040401e-14,1.509903313490213e-14,-2.5757174171303632e-14,1xka
515,3.3306690738754696e-15,-2.6645352591003757e-14,-1.7763568394002505e-15,3.552713678800501e-15,1b3f
516,5.773159728050814e-15,-1.2367884494324244e-13,0.0,-5.329070518200751e-15,1jev
517,1.186550857568136e-15,-2.930988785010413e-14,-8.881784197001252e-16,-1.6653345369377348e-16,1sb1
518,6.078471059822732e-15,2.19824158875781e-14,-1.5987211554602254e-14,-8.43769498715119e-15,1uz1
519,4.996003610813204e-16,-3.774758283725532e-15,-4.107825191113079e-15,-9.992007221626409e-16,2dri
520,-1.3322676295501878e-15,-2.4868995751603507e-14,2.6645352591003757e-15,-2.220446049250313e-16,2f34
521,4.440892098500626e-16,-1.7763568394002505e-15,0.0,-5.329070518200751e-15,1k1l
522,-1.3322676295501878e-15,2.4868995751603507e-14,1.7319479184152442e-14,0.0,1a9m
523,-1.7763568394002505e-15,-3.552713678800501e-15,8.881784197001252e-15,2.842170943040401e-14,1m9n
524,3.3306690738754696e-15,8.881784197001252e-15,1.0658141036401503e-14,5.329070518200751e-15,1o2j
525,3.3306690738754696e-15,-3.552713678800501e-15,3.552713678800501e-15,5.10702591327572e-15,1o2k
526,-4.440892098500626e-16,8.881784197001252e-16,8.881784197001252e-16,5.329070518200751e-15,1swr
527,3.6914915568786455e-15,1.9456658506555868e-14,9.325873406851315e-15,-8.493206138382448e-15,1tcx
528,-1.2434497875801753e-14,2.1316282072803006e-14,1.7319479184152442e-14,-1.3933298959045715e-14,1ent
529,2.6645352591003757e-15,-1.7763568394002505e-14,9.992007221626409e-16,-3.730349362740526e-14,1gj8
530,-1.4210854715202004e-14,-1.7763568394002505e-14,-6.661338147750939e-15,7.87148124459236e-14,1gvw
531,2.6645352591003757e-15,-1.7763568394002505e-15,-1.587618925213974e-14,9.769962616701378e-15,1oyq
532,-4.2674197509029455e-15,1.3211653993039363e-14,-2.3314683517128287e-15,-6.439293542825908e-15,1x8j
533,-3.3306690738754696e-16,-1.0547118733938987e-15,-9.769962616701378e-15,-7.993605777301127e-15,1fpc
534,-1.5543122344752192e-15,-1.2434497875801753e-14,0.0,-1.176836406102666e-14,1gj6
535,-6.938893903907228e-17,-9.992007221626409e-15,-2.0761170560490427e-14,4.440892098500626e-16,1zoh
536,1.1879386363489175e-14,3.863576125695545e-14,7.993605777301127e-15,5.773159728050814e-15,2gyi
537,-3.0531133177191805e-16,-1.5987211554602254e-14,-1.4210854715202004e-14,3.3306690738754696e-14,2j7g
538,3.9968028886505635e-15,3.907985046680551e-14,-4.440892098500626e-15,-1.0658141036401503e-14,1b1h
539,-2.1510571102112408e-15,1.4432899320127035e-15,1.0547118733938987e-14,-7.438494264988549e-15,2aov
540,1.7763568394002505e-15,-5.329070518200751e-15,3.552713678800501e-15,-1.5987211554602254e-14,1b5i
541,1.249000902703301e-16,1.3211653993039363e-14,-2.2648549702353193e-14,-1.96787031114809e-14,2bq7
542,-5.342948306008566e-15,-1.2989609388114332e-14,1.354472090042691e-14,-5.218048215738236e-15,2jxr
543,-4.579669976578771e-16,1.532107773982716e-14,-1.1546319456101628e-14,-2.7755575615628914e-15,1ui0
544,-5.273559366969494e-16,-5.773159728050814e-15,-5.551115123125783e-16,1.2434497875801753e-14,1ydd
545,-4.0245584642661925e-16,-2.6645352591003757e-15,3.985700658404312e-14,1.5765166949677223e-14,1xpz
546,-4.440892098500626e-16,-7.105427357601002e-15,1.0125233984581428e-13,-1.3322676295501878e-14,1lpg
547,3.9968028886505635e-15,5.3734794391857577e-14,-2.6645352591003757e-15,-3.552713678800501e-15,1b32
548,6.25888230132432e-15,-2.398081733190338e-14,1.7763568394002505e-14,-2.2426505097428162e-14,2il2
549,2.6645352591003757e-15,1.1546319456101628e-14,4.440892098500626e-15,-2.6645352591003757e-14,1b05
550,2.220446049250313e-15,5.551115123125783e-17,3.552713678800501e-15,5.329070518200751e-15,1b52
551,-1.915134717478395e-15,7.105427357601002e-15,7.505107646466058e-14,-1.887379141862766e-14,1xd0
552,3.1086244689504383e-15,-3.552713678800501e-15,1.7763568394002505e-15,-8.43769498715119e-15,1o3d
553,7.771561172376096e-15,1.7763568394002505e-15,-2.7533531010703882e-14,-6.039613253960852e-14,1fch
554,-3.3306690738754696e-16,2.6645352591003757e-15,2.4424906541753444e-15,-3.9968028886505635e-15,1pxn
555,-3.469446951953614e-16,1.1934897514720433e-14,-1.5543122344752192e-15,-3.3306690738754696e-16,1zog
556,-1.4432899320127035e-15,-6.439293542825908e-15,6.661338147750939e-16,-1.3322676295501878e-15,2fqx
557,-1.5543122344752192e-15,3.552713678800501e-15,1.4210854715202004e-14,1.2434497875801753e-14,1f0u
558,2.886579864025407e-15,-1.7763568394002505e-15,-4.851674617611934e-14,1.554312234475219e-14,1g36
559,2.55351295663786e-15,-7.993605777301127e-15,-3.552713678800501e-15,1.1102230246251565e-15,1o2h
560,4.3298697960381105e-15,-2.1316282072803006e-14,3.552713678800501e-15,-5.329070518200751e-15,1gi4
561,1.27675647831893e-15,5.329070518200751e-15,-9.769962616701378e-15,-1.7763568394002505e-15,1me7
562,-1.2385925618474403e-14,1.7763568394002505e-14,-3.552713678800501e-15,9.325873406851315e-15,1gvx
563,-6.63358257213531e-15,-5.773159728050814e-15,3.1086244689504383e-15,1.3322676295501878e-15,1sw2
564,-4.440892098500626e-16,-1.5987211554602254e-14,1.199040866595169e-14,-2.6645352591003757e-14,1g2l
565,4.440892098500626e-16,3.4638958368304884e-14,5.329070518200751e-15,-1.7763568394002505e-14,1oyt
566,1.3322676295501878e-15,4.618527782440651e-14,-3.552713678800501e-15,2.3092638912203256e-14,1jet
567,1.3877787807814457e-15,5.329070518200751e-15,2.886579864025407e-14,-8.881784197001252e-16,2ces
568,2.1718737919229625e-15,-2.7755575615628914e-15,8.715250743307479e-15,1.176836406102666e-14,1mrx
569,-1.5543122344752192e-15,-2.220446049250313e-16,1.9539925233402755e-14,-1.4210854715202004e-14,2f8i
570,-3.6637359812630166e-15,3.552713678800501e-15,1.3322676295501878e-14,-1.0658141036401503e-14,1fdq
571,1.7763568394002505e-15,-8.748557434046234e-14,0.0,5.329070518200751e-15,1b40
572,-2.067790383364354e-15,-3.069766663088558e-14,9.492406860545088e-15,2.4424906541753444e-15,1hii
573,-1.5543122344752192e-15,2.1316282072803006e-14,0.0,-1.7763568394002505e-15,1kel
574,4.440892098500626e-16,3.552713678800501e-15,3.552713678800501e-15,2.220446049250313e-15,1o3h
575,4.440892098500626e-16,-1.9539925233402755e-14,1.7763568394002505e-15,-8.881784197001252e-15,1o3i
576,-2.192690473634684e-15,2.6645352591003757e-14,-4.440892098500626e-16,7.66053886991358e-15,1sw1
577,-4.440892098500626e-16,-8.881784197001252e-15,0.0,7.105427357601002e-15,2i3i
578,-4.6629367034256575e-15,0.0,-3.197442310920451e-14,0.0,1qf1
579,9.353628982466944e-15,-2.758904216193514e-14,-3.419486915845482e-14,2.7644553313166398e-14,2j7e
580,-7.91033905045424e-16,8.548717289613705e-15,2.375877272697835e-14,-1.3988810110276972e-14,2j2u
581,4.440892098500626e-16,-2.842170943040401e-14,4.718447854656915e-14,1.3322676295501878e-14,2fgi
582,-8.881784197001252e-16,2.886579864025407e-15,-3.552713678800501e-15,-1.2434497875801753e-14,2gv6
583,8.659739592076221e-15,7.194245199571014e-14,-5.3290705182007514e-14,-6.572520305780927e-14,1mhw
584,6.661338147750939e-16,5.906386491005833e-14,-8.881784197001252e-16,-1.7763568394002505e-14,1qkb
585,2.220446049250313e-16,0.0,3.552713678800501e-15,0.0,1swg
586,3.1086244689504383e-15,5.46229728115577e-14,0.0,-3.552713678800501e-15,1b51
587,-1.7763568394002505e-15,0.0,1.5987211554602254e-14,-1.4210854715202004e-14,1fao
588,8.881784197001252e-16,-3.4416913763379853e-15,-1.1102230246251565e-15,1.2434497875801753e-14,1bxq
589,-3.1086244689504383e-15,-2.6645352591003757e-15,-3.907985046680551e-14,-2.842170943040401e-14,1qf0
590,-1.5543122344752192e-15,1.4210854715202004e-14,-7.105427357601002e-15,-4.440892098500626e-15,1d3p
591,-1.6653345369377348e-16,-6.050715484207103e-15,1.2212453270876722e-15,-1.1102230246251565e-16,1drj
592,3.6637359812630166e-15,5.329070518200751e-15,2.5757174171303632e-14,-8.881784197001252e-16,1k1m
593,2.886579864025407e-15,9.592326932761353e-14,-7.105427357601002e-15,3.552713678800501e-15,1oar
594,4.440892098500626e-16,0.0,1.0658141036401503e-14,-2.6645352591003757e-15,1owh
595,4.440892098500626e-16,-3.1086244689504383e-15,1.6653345369377348e-14,9.192646643896296e-14,1r6n
596,-1.054017984003508e-14,-1.0658141036401503e-14,-8.060219158778636e-14,-1.7763568394002505e-15,1y3g
597,-6.800116025829084e-16,1.0769163338864018e-14,1.8207657603852567e-14,1.887379141862766e-14,2bpy
598,-2.3314683517128287e-15,-1.7763568394002505e-15,1.7763568394002505e-15,3.552713678800501e-15,2i3h
599,1.7763568394002505e-15,-8.881784197001252e-15,1.0658141036401503e-14,-1.7763568394002505e-15,1ik4
600,2.4424906541753444e-15,-3.019806626980426e-14,1.7763568394002505e-15,-3.552713678800501e-15,1b5j
601,-2.4424906541753444e-15,-2.4868995751603507e-14,-7.494005416219807e-15,6.8833827526759706e-15,1ciz
602,1.1102230246251565e-15,-3.552713678800501e-15,2.220446049250313e-15,6.217248937900877e-15,1sc8
603,4.107825191113079e-15,1.5987211554602254e-14,6.661338147750939e-15,5.684341886080802e-14,2f7o
604,-6.938893903907228e-16,1.1102230246251565e-14,1.3322676295501878e-14,1.1102230246251565e-14,2ccb
605,6.661338147750939e-16,-7.105427357601002e-15,-1.0658141036401503e-14,5.329070518200751e-15,1sqo
606,0.0,9.947598300641403e-14,-4.440892098500626e-15,-4.618527782440651e-14,1yei
607,2.220446049250313e-16,1.4210854715202004e-14,0.0,-3.019806626980426e-14,1yej
608,-6.217248937900877e-15,-7.105427357601002e-15,-5.329070518200751e-15,3.552713678800501e-14,5tmp
609,1.27675647831893e-15,9.769962616701378e-15,-9.103828801926284e-15,-8.659739592076221e-15,1iiq
610,3.469446951953614e-17,-1.63202784619898e-14,-7.438494264988549e-15,-1.4988010832439613e-15,2hh5
611,-2.220446049250313e-16,4.440892098500626e-16,6.661338147750939e-16,1.3322676295501878e-15,1lah
612,1.925543058334256e-14,-1.1102230246251565e-15,1.1518563880485999e-14,-4.218847493575595e-15,1lf2
613,4.649058915617843e-16,1.9984014443252818e-15,1.3322676295501878e-15,5.773159728050814e-15,1lke
614,-5.134781488891349e-16,1.587618925213974e-14,-3.3306690738754696e-16,-1.2101430968414206e-14,1mmq
615,-2.5979218776228663e-14,2.4868995751603507e-14,3.552713678800501e-15,-1.4210854715202004e-14,2mas
616,6.522560269672795e-16,-1.2545520178264269e-14,-2.020605904817785e-14,-5.995204332975845e-15,2f1g
617,-2.886579864025407e-15,7.105427357601002e-15,1.354472090042691e-14,1.2434497875801753e-14,1k1j
618,6.661338147750939e-16,7.105427357601002e-15,1.0835776720341528e-13,1.2878587085651816e-14,1lpk
619,6.217248937900877e-15,-1.4210854715202004e-14,2.1316282072803006e-14,-3.019806626980426e-14,1tlp
620,3.885780586188048e-16,9.769962616701378e-15,-1.0880185641326534e-14,9.43689570931383e-15,1v0l
621,-6.661338147750939e-16,1.0658141036401503e-14,2.6645352591003757e-14,5.329070518200751e-15,1vj9
622,-2.6645352591003757e-15,2.6645352591003757e-15,-3.9968028886505635e-14,3.552713678800501e-14,1a0q
623,-5.551115123125783e-17,-2.6423307986078726e-14,4.440892098500626e-16,-8.881784197001252e-16,1m13
624,-5.329070518200751e-15,0.0,1.5987211554602254e-14,-2.842170943040401e-14,1qhc
625,-1.9984014443252818e-15,-3.3306690738754696e-16,4.3298697960381105e-15,-1.0047518372857667e-14,2avs
626,3.677613769070831e-16,2.120525977034049e-14,-1.3433698597964394e-14,6.661338147750939e-16,1bwa
627,2.220446049250313e-16,8.881784197001252e-15,-3.9968028886505635e-14,-3.552713678800501e-15,1lpz
628,1.7763568394002505e-15,-4.440892098500626e-14,-3.552713678800501e-15,-8.43769498715119e-15,1fzq
629,-2.220446049250313e-16,-1.509903313490213e-14,-1.5501488981328748e-13,1.9984014443252818e-14,1yqy
630,-4.440892098500626e-15,-1.0658141036401503e-14,1.4210854715202004e-14,-5.329070518200751e-15,2aoe
631,3.3306690738754696e-16,8.881784197001252e-15,-1.2434497875801753e-14,3.552713678800501e-15,1c1r
632,-6.661338147750939e-16,1.709743457922741e-14,3.552713678800501e-15,1.1546319456101628e-14,1c1v
633,0.0,7.105427357601002e-15,4.1744385725905886e-14,-8.881784197001252e-15,1uvt
634,-3.497202527569243e-15,3.5110803153770576e-14,-1.63202784619898e-14,6.661338147750939e-16,966c
635,-7.771561172376096e-16,7.549516567451064e-15,8.093525849517391e-14,-1.9095836023552692e-14,1f0r
636,-1.0880185641326534e-14,7.083222897108499e-14,1.1102230246251565e-16,-7.105427357601002e-15,1ppk
637,2.1510571102112408e-16,7.771561172376096e-16,-1.3933298959045715e-14,-1.2323475573339238e-14,5fiv
638,-2.192690473634684e-15,-1.5543122344752192e-15,-3.774758283725532e-15,7.771561172376096e-16,2bpv
639,0.0,1.687538997430238e-14,7.105427357601002e-15,2.2648549702353193e-14,1o2q
640,-5.551115123125783e-16,-4.707345624410664e-14,-2.4868995751603507e-14,-4.440892098500626e-15,1t4v
641,-9.325873406851315e-15,-7.105427357601002e-15,-3.552713678800501e-15,-2.6645352591003757e-15,1bai
642,4.218847493575595e-15,-9.237055564881302e-14,7.105427357601002e-15,-4.973799150320701e-14,1fzm
643,-1.3322676295501878e-15,-1.4210854715202004e-14,2.4702462297909733e-14,-3.552713678800501e-15,1gno
644,-2.060851489460447e-15,1.509903313490213e-14,4.829470157119431e-15,1.0658141036401503e-14,1izh
645,-4.996003610813204e-16,-1.1324274851176597e-14,-1.4432899320127035e-14,-2.220446049250313e-15,1mes
646,-5.329070518200751e-15,1.4210854715202004e-14,1.4210854715202004e-14,-1.0658141036401503e-14,4tmk
647,1.609823385706477e-15,-5.662137425588298e-15,-2.7755575615628914e-15,-7.93809462606987e-15,1ajv
648,-2.6645352591003757e-15,-1.4904744105592727e-14,-1.2434497875801753e-14,4.979350265443827e-14,1caq
649,-8.881784197001252e-16,2.6645352591003757e-14,-1.0658141036401503e-14,1.7763568394002505e-15,1cnw
650,-3.3306690738754696e-16,-8.881784197001252e-15,-5.551115123125783e-16,-6.661338147750939e-16,1j4r
651,8.243405957841787e-15,-9.43689570931383e-15,1.554312234475219e-14,7.549516567451064e-15,1oif
652,2.220446049250313e-16,6.217248937900877e-15,-2.1316282072803006e-14,-7.327471962526033e-15,1f0s
653,-1.5543122344752192e-15,-5.329070518200751e-15,6.217248937900877e-15,4.107825191113079e-14,1heg
654,1.536964999715451e-14,-5.134781488891349e-15,4.932165786897258e-14,-4.440892098500626e-16,1lee
655,2.220446049250313e-16,7.105427357601002e-15,-3.907985046680551e-14,-2.842170943040401e-14,1nfu
656,1.5543122344752192e-15,9.547918011776346e-15,8.881784197001252e-16,-1.7763568394002505e-15,1qbo
657,3.2862601528904634e-14,7.105427357601002e-15,-2.4868995751603507e-14,4.973799150320701e-14,1qiw
658,3.219646771412954e-15,-4.440892098500626e-16,2.0650148258027912e-14,-6.661338147750939e-16,1sbg
659,-9.922618282587337e-16,5.773159728050814e-15,-1.2434497875801753e-14,-7.105427357601002e-15,1txr
660,2.609024107869118e-15,-1.3322676295501878e-15,-4.9960036108132044e-15,1.2989609388114332e-14,1usn
661,4.996003610813204e-16,-3.3306690738754696e-15,-3.552713678800501e-14,2.220446049250313e-16,2adu
662,1.1796119636642288e-15,-1.2101430968414206e-14,-2.886579864025407e-15,-4.107825191113079e-15,2ccc
663,-9.71445146547012e-17,4.1522341120980855e-14,1.5765166949677223e-14,-4.2799097599299785e-14,1xh9
664,1.7763568394002505e-15,1.3322676295501878e-15,-1.0658141036401503e-14,1.4210854715202004e-14,1x8t
665,8.881784197001252e-16,-1.459943277382081e-14,-8.881784197001252e-16,-2.3092638912203256e-14,1b6h
666,8.881784197001252e-16,-5.329070518200751e-15,3.0531133177191805e-15,0.0,1nf8
667,-9.905271047827569e-16,-7.482903185973555e-14,-3.941291737419306e-14,-3.064215547965432e-14,1nvs
668,1.1102230246251565e-16,-1.3322676295501878e-14,-1.4210854715202004e-14,2.3092638912203256e-14,2cf9
669,-2.123301534595612e-15,3.352873534367973e-14,6.539213615042172e-14,-2.1649348980190553e-14,2j34
670,-4.440892098500626e-16,8.348877145181177e-14,1.7763568394002505e-15,0.0,1a94
671,1.1102230246251565e-15,1.9637069748057456e-14,0.0,2.348121697082206e-14,1b8y
672,-2.6645352591003757e-15,-7.105427357601002e-15,-7.105427357601002e-15,-4.085620730620576e-14,1cny
673,-1.7763568394002505e-15,1.9095836023552692e-14,-2.842170943040401e-14,-2.042810365310288e-14,1jwt
674,-4.440892098500626e-16,4.440892098500626e-16,1.176836406102666e-14,4.218847493575595e-15,1laf
675,8.215650382226158e-15,6.38378239159465e-15,-8.881784197001252e-15,5.329070518200751e-15,2gv7
676,6.439293542825908e-15,-1.7763568394002505e-14,0.0,0.0,1fzo
677,-4.440892098500626e-16,1.0658141036401503e-14,1.1102230246251565e-14,3.907985046680551e-14,1gj7
678,2.4424906541753444e-15,1.4210854715202004e-14,-3.552713678800501e-14,-1.2079226507921703e-13,1h2t
679,1.9359513991901167e-15,9.103828801926284e-15,2.808864252301646e-14,-1.2212453270876722e-15,1ajx
680,-9.769962616701378e-15,-1.4432899320127035e-15,5.10702591327572e-15,-2.375877272697835e-14,1b6j
681,9.43689570931383e-16,5.995204332975845e-15,1.7319479184152442e-14,-1.0436096431476471e-14,2ewa
682,-1.0085682289329156e-14,3.4861002973229915e-14,4.3520742565306136e-14,-2.6201263381153694e-14,1epo
683,1.3461454173580023e-15,-2.6645352591003757e-15,-5.551115123125783e-15,-1.4432899320127035e-15,1g2k
684,-2.4424906541753444e-15,-2.6645352591003757e-14,-5.684341886080802e-14,-4.440892098500626e-16,1hvh
685,0.0,-2.7533531010703882e-14,1.4210854715202004e-14,-1.4210854715202004e-14,1a4k
686,1.1587952819525071e-15,-1.27675647831893e-15,-8.43769498715119e-15,6.106226635438361e-15,1fkg
687,6.661338147750939e-16,-7.105427357601002e-15,1.2434497875801753e-14,-8.881784197001252e-16,1gaf
688,-1.9984014443252818e-15,-1.1546319456101628e-13,1.6209256159527285e-14,1.7763568394002505e-15,1gai
689,-7.771561172376096e-16,0.0,-7.105427357601002e-15,-1.7763568394002505e-15,1qin
690,-7.355227538141662e-16,1.0436096431476471e-14,-8.704148513061227e-14,3.4416913763379853e-15,1r0p
691,1.3322676295501878e-15,-1.4210854715202004e-14,1.4210854715202004e-14,3.552713678800501e-15,1tkb
692,1.0547118733938987e-15,1.9984014443252818e-15,-6.661338147750939e-15,7.327471962526033e-15,9abp
693,-2.248201624865942e-15,-1.2878587085651816e-14,-1.1102230246251565e-15,2.220446049250313e-16,2cc7
694,-2.914335439641036e-16,3.4833247397614286e-15,-9.825473767932635e-15,2.4091839634365897e-14,1hih
695,1.5543122344752192e-15,3.552713678800501e-15,2.9976021664879227e-15,-1.199040866595169e-14,1vyf
696,-1.304512053934559e-15,6.328271240363392e-15,-2.8171909249863347e-15,1.8318679906315083e-15,2bqv
697,2.220446049250313e-16,5.773159728050814e-15,6.039613253960852e-14,3.907985046680551e-14,1siv
698,1.3100631690576847e-14,1.2434497875801753e-14,0.0,3.552713678800501e-14,1fzj
699,0.0,-1.3322676295501878e-15,-1.7763568394002505e-15,-8.881784197001252e-15,1ghy
700,4.440892098500626e-16,2.3092638912203256e-14,4.6629367034256575e-14,-1.4210854715202004e-14,1l6m
701,-2.7755575615628914e-16,1.176836406102666e-14,1.021405182655144e-14,6.661338147750939e-16,1ody
702,-5.10702591327572e-15,2.6645352591003757e-14,5.595524044110789e-14,-5.911937606128959e-14,1stc
703,0.0,-3.108624468950438e-14,8.881784197001252e-15,-1.9539925233402755e-14,2cf8
704,-2.4424906541753444e-15,1.5942802633617248e-13,2.6645352591003757e-14,2.1760371282653068e-14,1nvr
705,1.2698175844150228e-15,-1.0172418463127997e-14,6.245004513516506e-16,1.7763568394002505e-15,2arm
706,1.3600232051658168e-15,9.992007221626409e-15,-1.532107773982716e-14,3.774758283725532e-15,1g35
707,-6.786238238021269e-15,-1.0658141036401503e-14,-6.783462680459706e-14,-5.773159728050814e-15,1yqj
708,6.036837696399289e-16,-3.885780586188048e-16,-2.3314683517128287e-15,-1.1435297153639112e-14,1fkh
709,-3.0531133177191805e-15,-3.552713678800501e-15,-6.661338147750939e-15,-2.1094237467877974e-15,1w5v
710,-7.993605777301127e-15,-2.842170943040401e-14,3.907985046680551e-14,-4.440892098500626e-15,2d1n
711,-1.5265566588595902e-15,-2.6645352591003757e-15,8.43769498715119e-15,-3.241851231905457e-14,2fxu
712,-3.3306690738754696e-16,1.7763568394002505e-15,2.842170943040401e-14,7.105427357601002e-15,1owd
713,-1.6375789613221059e-15,-5.906386491005833e-14,3.885780586188048e-14,-5.773159728050814e-15,2ff1
714,3.191891195797325e-16,1.1324274851176597e-14,-2.55351295663786e-15,-1.2108369862318114e-15,1efy
715,-1.1102230246251565e-16,6.838973831690964e-14,1.509903313490213e-14,-1.4654943925052066e-14,1h1s
716,-1.9012569296705806e-15,9.2148511043888e-15,6.5503158452884236e-15,6.294964549624638e-14,2cji
717,1.3600232051658168e-15,-8.881784197001252e-15,6.106226635438361e-15,-3.774758283725532e-15,1ydb
718,4.440892098500626e-16,-6.927791673660977e-14,-1.7763568394002505e-15,4.440892098500626e-15,1c1u
719,7.494005416219807e-16,-1.84297022087776e-14,-2.6645352591003757e-15,-4.218847493575595e-15,1g4o
720,-3.0531133177191805e-16,4.718447854656915e-15,-1.787459069646502e-14,7.022160630754115e-15,1b6l
721,1.6653345369377348e-16,1.687538997430238e-14,-4.063416270128073e-14,-1.092459456231154e-13,1rej
722,0.0,7.993605777301127e-14,7.105427357601002e-15,1.5987211554602254e-14,1tom
723,-3.5041414214731503e-15,7.771561172376096e-16,-2.481348460037225e-14,-2.4424906541753444e-15,2hs2
724,-1.394717674685353e-15,-7.716050021144838e-15,-1.0436096431476471e-14,-2.5951463200613034e-15,1hwr
725,-2.4424906541753444e-15,1.7763568394002505e-15,7.105427357601002e-15,-8.881784197001252e-15,1bzy
726,-2.220446049250313e-16,-3.552713678800501e-15,-2.842170943040401e-14,-1.4210854715202004e-14,1mj7
727,1.1102230246251565e-15,3.5083047578154947e-14,3.552713678800501e-15,0.0,1k21
728,-9.71445146547012e-17,8.881784197001252e-16,2.6645352591003757e-15,1.0769163338864018e-14,1mu6
729,-2.220446049250313e-16,-2.6645352591003757e-15,4.440892098500626e-15,8.881784197001252e-16,1lzq
730,-6.8833827526759706e-15,-1.7763568394002505e-14,2.842170943040401e-14,-8.881784197001252e-16,1aaq
731,-9.769962616701378e-15,-5.440092820663267e-15,-1.7763568394002505e-15,3.774758283725532e-15,1b6m
732,-9.825473767932635e-15,-2.220446049250313e-15,-1.176836406102666e-14,-1.7763568394002505e-15,1fq5
733,-1.3322676295501878e-15,-5.773159728050814e-15,7.105427357601002e-15,-8.881784197001252e-15,1k22
734,-7.105427357601002e-15,3.3306690738754696e-16,-9.547918011776346e-15,-1.609823385706477e-14,1mtr
735,-4.385380947269368e-15,9.992007221626409e-15,3.552713678800501e-15,2.1094237467877974e-15,1w5x
736,1.1102230246251565e-16,1.0658141036401503e-14,3.9968028886505635e-15,-6.217248937900877e-15,1w7x
737,-2.1441182163073336e-15,3.6193270602780103e-14,4.6629367034256575e-15,-3.11972669919669e-14,1zpa
738,-3.0322966360074588e-15,-5.551115123125783e-16,-1.5987211554602254e-14,4.440892098500626e-16,1e4h
739,-2.7755575615628914e-17,-3.3306690738754696e-16,2.6922908347160046e-15,-7.549516567451064e-15,1g48
740,2.498001805406602e-16,9.547918011776346e-15,-2.3314683517128287e-15,6.217248937900877e-15,1i9p
741,6.661338147750939e-16,-3.7192471324942744e-15,-1.7763568394002505e-15,1.1657341758564144e-14,1i9q
742,3.885780586188048e-16,1.4654943925052066e-14,-3.8413716652030416e-14,-2.858824288409778e-15,1bwb
743,6.938893903907228e-18,2.4424906541753444e-15,5.995204332975845e-15,4.440892098500626e-15,1i9o
744,1.0200174038743626e-15,1.5543122344752192e-15,3.1086244689504383e-15,1.9761969838327786e-14,1i9l
745,-1.7208456881689926e-15,1.4876988529977098e-14,-7.993605777301127e-15,8.604228440844963e-15,1w5y
746,-3.5041414214731503e-15,1.3322676295501878e-15,1.7208456881689926e-14,-1.3322676295501878e-15,2hs1
747,7.91033905045424e-16,-2.4980018054066022e-14,3.9968028886505635e-15,-9.325873406851315e-15,2ihq
748,-9.43689570931383e-16,8.770761894538737e-15,-5.995204332975845e-15,-1.2878587085651816e-14,7upj
749,-2.0816681711721685e-15,-1.1324274851176597e-14,1.7180701306074297e-14,6.639133687258436e-14,1i5r
750,-3.469446951953614e-16,5.88418203051333e-15,-1.5432100042289676e-14,2.6645352591003757e-15,1nfx
751,2.1760371282653068e-14,-2.842170943040401e-14,1.4210854715202004e-14,4.263256414560601e-14,1rp7
752,1.1102230246251565e-16,1.1324274851176597e-13,-2.6645352591003757e-14,5.329070518200751e-15,1ta2
753,-4.2327252813834093e-16,1.3322676295501878e-15,-6.2727600891321345e-15,-9.403589018575076e-14,1xkk
754,5.689893001203927e-16,4.590772206825022e-14,6.439293542825908e-15,0.0,2fvd
755,2.220446049250313e-16,1.2434497875801753e-14,2.1760371282653068e-14,3.885780586188048e-15,1hos
756,-4.440892098500626e-15,-4.4853010194856324e-14,8.881784197001252e-16,1.687538997430238e-14,1ppl
757,4.107825191113079e-15,8.43769498715119e-15,0.0,5.773159728050814e-15,1bgq
758,5.9119376061289586e-15,-2.6645352591003757e-15,6.661338147750939e-16,-3.3306690738754696e-16,1q1g
759,2.7755575615628914e-17,1.7763568394002505e-15,-3.3306690738754696e-16,1.4765966227514582e-14,1g45
760,-2.220446049250313e-16,7.283063041541027e-14,-1.0658141036401503e-14,8.881784197001252e-15,1mue
761,-5.10702591327572e-15,8.62088178621434e-14,-7.105427357601002e-15,-1.687538997430238e-14,1r1j
762,2.220446049250313e-15,4.263256414560601e-14,2.3092638912203256e-14,3.552713678800501e-15,1t31
763,3.0531133177191805e-16,1.2212453270876722e-15,-1.1102230246251565e-16,2.0539125955565396e-14,1i9n
764,-5.551115123125783e-17,6.467049118441537e-15,-1.2212453270876722e-15,-3.774758283725532e-15,1bcd
765,-1.942890293094024e-16,-2.3869795029440866e-15,-1.3988810110276972e-14,-1.2878587085651816e-14,1g4j
766,-9.08995101411847e-16,3.552713678800501e-15,1.9484414082171497e-14,-7.396860901565105e-15,1jgl
767,0.0,1.4210854715202004e-14,0.0,0.0,1jyq
768,-1.582067810090848e-15,1.1546319456101628e-14,1.1546319456101628e-14,5.218048215738236e-15,1lnm
769,2.1510571102112408e-16,3.774758283725532e-15,-6.938893903907228e-15,1.2212453270876722e-14,1ohr
770,-3.0253577421035516e-15,1.8318679906315083e-15,1.1879386363489175e-14,-9.880984919163893e-15,1t7j
771,2.6645352591003757e-15,2.3092638912203256e-14,-1.3322676295501878e-14,1.0658141036401503e-14,1xap
772,-3.5041414214731503e-15,1.5765166949677223e-14,-9.992007221626409e-16,-1.4627188349436437e-14,2f8g
773,-4.3021142204224816e-16,-1.9984014443252818e-15,1.4432899320127035e-14,1.532107773982716e-14,2pcp
774,-1.1102230246251565e-16,-1.3322676295501878e-14,2.6645352591003757e-15,2.6645352591003757e-15,1cin
775,-1.6209256159527285e-14,2.3869795029440866e-15,1.176836406102666e-14,-3.247402347028583e-14,1b6k
776,0.0,-7.105427357601002e-15,6.661338147750939e-16,-7.105427357601002e-15,1mjj
777,-1.9984014443252818e-15,6.106226635438361e-16,-5.773159728050814e-15,-3.885780586188048e-16,1sdv
778,6.661338147750939e-16,5.329070518200751e-15,8.881784197001252e-16,1.7763568394002505e-15,1bnv
779,-6.38378239159465e-15,-1.887379141862766e-15,1.0658141036401503e-14,2.5979218776228663e-14,1d4l
780,-3.469446951953614e-16,-8.215650382226158e-15,-6.439293542825908e-15,4.118927421359331e-14,1zp8
781,-1.3877787807814457e-16,0.0,2.3314683517128287e-15,-9.992007221626409e-16,1g46
782,-3.941291737419306e-15,-1.709743457922741e-14,3.1086244689504383e-15,-7.993605777301127e-15,1w5w
783,-2.6645352591003757e-15,-3.552713678800501e-15,-1.7763568394002505e-15,2.5757174171303632e-14,1ork
784,-2.220446049250313e-16,-2.6645352591003757e-15,-1.7763568394002505e-15,-1.865174681370263e-14,1cim
785,-2.2898349882893854e-16,1.2323475573339238e-14,4.551914400963142e-15,3.2529534621517087e-14,3tlh
786,-1.9984014443252818e-15,-6.661338147750939e-16,-7.105427357601002e-15,-7.382983113757291e-15,2avo
787,-3.3029134982598407e-15,-1.7763568394002505e-15,4.618527782440651e-14,6.661338147750939e-14,1n3i
788,8.326672684688674e-17,6.417089082333405e-14,-1.354472090042691e-14,-5.495603971894525e-15,1nt1
789,4.85722573273506e-15,7.327471962526033e-15,9.547918011776346e-15,2.0872192862952943e-14,1kzn
790,-6.661338147750939e-15,-1.865174681370263e-14,-6.217248937900877e-15,-1.199040866595169e-14,1r1h
791,3.677613769070831e-16,1.5543122344752192e-15,2.609024107869118e-14,-1.1102230246251565e-16,1bv9
792,1.3877787807814457e-16,-2.4424906541753444e-15,3.597122599785507e-14,-1.8207657603852567e-14,1nfw
793,-1.5265566588595902e-16,-4.884981308350689e-15,-3.9968028886505635e-15,-3.2751579226442118e-15,1mu8
794,3.0531133177191805e-16,9.43689570931383e-16,1.6431300764452317e-14,-2.1094237467877974e-15,1wei
795,-3.3306690738754696e-15,-1.3322676295501878e-14,7.105427357601002e-15,0.0,1y0l
796,5.551115123125783e-16,-9.992007221626409e-15,2.0872192862952943e-14,-5.329070518200751e-15,2j4i
797,-2.7755575615628914e-17,1.5654144647214707e-14,3.164135620181696e-15,-9.71445146547012e-15,1g53
798,-8.881784197001252e-16,2.1316282072803006e-14,-2.1316282072803006e-14,1.687538997430238e-14,1ezq
799,-4.926614671774132e-16,-5.10702591327572e-15,-6.689093723366568e-15,3.1086244689504383e-15,1kdk
800,-1.5126788710517758e-15,1.9984014443252818e-14,1.2878587085651816e-14,5.67323965583455e-14,1pbk
801,3.3306690738754696e-15,-2.1094237467877974e-14,6.217248937900877e-15,-7.37188088351104e-14,1s63
802,5.467848396278896e-15,5.329070518200751e-15,3.9968028886505635e-15,4.440892098500626e-16,1nw4
803,-3.885780586188048e-16,-1.199040866595169e-14,3.3861802251067274e-15,2.942091015256665e-15,1bnw
804,0.0,-1.2434497875801753e-14,0.0,2.6645352591003757e-15,1d3d
805,1.8735013540549517e-15,-5.551115123125783e-15,7.771561172376096e-16,7.327471962526033e-15,1msn
806,0.0,-4.529709940470639e-14,-8.881784197001252e-15,-2.1316282072803006e-14,1d9i
807,1.1102230246251565e-16,-7.815970093361102e-14,1.2434497875801753e-14,-1.4210854715202004e-14,1ta6
808,-4.440892098500626e-16,-7.105427357601002e-14,7.105427357601002e-15,-1.7763568394002505e-15,1z71
809,1.8388068845354155e-15,-1.0547118733938987e-14,1.3822276656583199e-14,-6.994405055138486e-15,2fgu
810,-3.1086244689504383e-15,3.552713678800501e-15,2.842170943040401e-14,-2.842170943040401e-14,1mh5
811,-1.7763568394002505e-15,5.10702591327572e-15,-4.440892098500626e-16,-2.886579864025407e-15,1d4k
812,-1.096345236817342e-15,1.3988810110276972e-14,-3.3306690738754696e-16,-3.4416913763379853e-15,1hpo
813,-1.27675647831893e-15,-3.2751579226442118e-15,1.3322676295501878e-14,3.3306690738754696e-15,1hpv
814,2.2620794126737565e-15,-5.10702591327572e-15,6.5503158452884236e-15,1.2434497875801753e-14,1x39
815,-1.609823385706477e-15,3.4139358007223564e-15,-1.7985612998927536e-14,4.3298697960381105e-15,1z1r
816,2.914335439641036e-15,-5.35682609381638e-14,-9.769962616701378e-15,3.2529534621517087e-14,1db1
817,1.3100631690576847e-14,-5.88418203051333e-15,-2.220446049250313e-15,3.952393967665557e-14,2avv
818,-1.9984014443252818e-15,1.3600232051658168e-15,2.90878432451791e-14,1.1934897514720433e-14,1sdt
819,-7.147060721024445e-15,-4.6629367034256575e-14,2.1094237467877974e-14,-3.6637359812630166e-15,830c
820,3.677613769070831e-16,-6.994405055138486e-15,2.9476421303797906e-14,-3.3306690738754696e-16,1bv7
821,-4.718447854656915e-16,8.659739592076221e-15,2.220446049250313e-15,-9.103828801926284e-15,1bn4
822,-1.5404344466674047e-15,1.3100631690576847e-14,9.547918011776346e-15,-1.3322676295501878e-15,2aqu
823,3.885780586188048e-16,-7.327471962526033e-15,4.218847493575595e-15,-1.0824674490095276e-14,1bn1
824,1.7208456881689926e-15,-2.4424906541753444e-15,-4.884981308350689e-15,3.552713678800501e-14,1fkf
825,4.440892098500626e-16,2.842170943040401e-14,-1.0658141036401503e-14,-7.105427357601002e-15,1ksn
826,-4.996003610813204e-16,1.2378986724570495e-14,-6.772360450213455e-15,6.661338147750939e-16,1met
827,5.898059818321144e-16,2.120525977034049e-14,2.5368596112684827e-14,-1.432187701766452e-14,1pme
828,-1.0269562977782698e-15,6.394884621840902e-14,-3.8413716652030416e-14,-6.661338147750939e-16,1sqn
829,-1.9984014443252818e-15,2.886579864025407e-15,-1.3322676295501878e-15,8.609779555968089e-14,1hsh
830,-4.440892098500626e-16,-2.220446049250313e-14,4.440892098500626e-16,-9.769962616701378e-15,1cil
831,2.7755575615628914e-17,6.217248937900877e-15,-6.217248937900877e-15,-6.494804694057166e-15,1g1d
832,-4.996003610813204e-16,-2.7755575615628914e-16,-3.197442310920451e-14,-4.218847493575595e-15,1qbs
833,1.3808398868775384e-15,4.440892098500626e-16,-1.0436096431476471e-14,-4.796163466380676e-14,1xjd
834,-8.881784197001252e-16,-4.440892098500626e-15,-9.325873406851315e-15,-1.2434497875801753e-14,1bnq
835,-4.121702978920894e-15,1.5210055437364645e-14,3.552713678800501e-15,-1.6653345369377348e-16,1hvr
836,-5.329070518200751e-15,5.684341886080802e-14,2.1316282072803006e-14,-4.618527782440651e-14,1m4h
837,4.3021142204224816e-16,-3.630429290524262e-14,9.992007221626409e-15,1.7763568394002505e-15,2gvj
838,8.534839501805891e-16,-1.1102230246251565e-16,5.440092820663267e-15,7.549516567451064e-15,1dmp
839,-2.220446049250313e-15,3.197442310920451e-14,-6.572520305780927e-14,-5.329070518200751e-15,1ws1
840,-4.440892098500626e-16,-1.3100631690576847e-14,8.43769498715119e-15,-2.1649348980190553e-14,1if8
841,-3.0531133177191805e-16,-9.547918011776346e-15,-6.328271240363392e-15,-1.0255685189974884e-14,1bnu
842,2.1718737919229625e-15,-1.3655743202889425e-14,9.811595980124821e-15,-7.105427357601002e-15,1mrw
843,1.457167719820518e-15,-1.1102230246251565e-15,-3.341771304121721e-14,-1.9539925233402755e-14,1z6e
844,-1.3357370765021415e-15,1.4904744105592727e-14,-5.551115123125783e-16,-2.4424906541753444e-15,2i0g
845,-4.440892098500626e-16,0.0,-1.5987211554602254e-14,7.105427357601002e-15,1nh0
846,-8.881784197001252e-16,-3.552713678800501e-15,-8.704148513061227e-14,-2.842170943040401e-14,2g00
847,-3.760880495917718e-15,-6.439293542825908e-15,1.354472090042691e-14,-2.864375403532904e-14,456c
848,-4.163336342344337e-16,2.6201263381153694e-14,1.199040866595169e-14,1.532107773982716e-14,1bnt
849,1.9984014443252818e-15,-1.509903313490213e-14,-1.4210854715202004e-14,-3.1086244689504383e-15,1zsr
850,-1.6653345369377348e-16,6.439293542825908e-15,2.123301534595612e-15,2.2093438190040615e-14,1bn3
851,1.9984014443252818e-15,1.3322676295501878e-15,2.9753977059954195e-14,6.661338147750939e-15,1zsf
852,-4.85722573273506e-17,4.579669976578771e-16,1.2545520178264269e-14,1.6542323066914832e-14,1hvl
853,0.0,-2.930988785010413e-14,7.771561172376096e-16,-8.104628079763643e-15,1bnn
854,-6.217248937900877e-15,-1.0658141036401503e-14,1.7763568394002505e-15,2.1316282072803006e-14,1gar
855,-6.626643678231403e-15,3.9968028886505635e-15,1.5543122344752192e-15,3.042011087472929e-13,1igj
856,-8.881784197001252e-16,-7.105427357601002e-15,2.842170943040401e-14,7.105427357601002e-15,1n4k
857,-6.522560269672795e-16,-3.1030733538273125e-14,2.842170943040401e-14,-5.495603971894525e-15,1nm6
858,-1.9984014443252818e-15,-1.6653345369377348e-15,1.5654144647214707e-14,-1.4432899320127035e-15,1sdu
859,-5.967448757360216e-16,3.4861002973229915e-14,3.6637359812630166e-15,-1.5765166949677223e-14,1sr7
860,8.854028621385623e-15,-4.440892098500626e-16,7.993605777301127e-15,1.1324274851176597e-14,1y6r
861,-1.2212453270876722e-15,1.2212453270876722e-14,-2.0872192862952943e-14,-5.329070518200751e-15,1xzx
862,4.996003610813204e-16,-7.355227538141662e-15,-2.298161660974074e-14,-7.882583474838611e-15,1qbu
863,3.9898639947466563e-16,2.2343238370581275e-14,-1.1546319456101628e-14,4.718447854656915e-15,1c70
864,-1.0477729794899915e-15,-2.220446049250313e-15,-1.3766765505351941e-14,9.103828801926284e-15,1hvs
865,-2.3800406090401793e-15,3.774758283725532e-15,9.71445146547012e-16,-8.881784197001252e-16,4std
866,0.0,4.241051954068098e-14,5.329070518200751e-15,8.881784197001252e-15,1c4u
867,3.1502578323738817e-15,-9.992007221626409e-16,-6.661338147750939e-16,-2.220446049250313e-16,1kzk
868,1.8735013540549517e-15,1.1102230246251565e-16,-6.314393452555578e-15,-7.105427357601002e-15,1msm
869,3.1086244689504383e-15,-7.105427357601002e-15,1.4210854715202004e-14,1.2434497875801753e-14,5std
870,-2.220446049250313e-16,-1.3877787807814457e-15,-1.7763568394002505e-15,0.0,1b8n
871,-9.492406860545088e-15,-2.55351295663786e-15,7.549516567451064e-15,-4.440892098500626e-15,1n46
872,-3.5041414214731503e-15,-5.10702591327572e-15,-9.325873406851315e-15,5.995204332975845e-15,2f81
873,-1.27675647831893e-15,-6.661338147750939e-16,3.608224830031759e-16,3.7719827261639693e-14,2fzz
874,-4.6629367034256575e-15,2.6645352591003757e-15,6.039613253960852e-14,-4.6629367034256575e-14,1g2o
875,4.996003610813204e-16,7.216449660063518e-16,-2.5646151868841116e-14,4.440892098500626e-16,1qbr
876,3.885780586188048e-16,-1.3322676295501878e-14,1.4654943925052066e-14,-1.609823385706477e-15,1qbt
877,-1.2698175844150228e-15,4.996003610813204e-16,-5.412337245047638e-16,-2.1066481892262345e-14,1dif
878,-8.743006318923108e-15,-1.099120794378905e-14,1.9206858326015208e-14,8.992806499463768e-15,7std
879,0.0,0.0,0.0,0.0,1c4v
880,-1.762479051592436e-15,-7.66053886991358e-15,8.770761894538737e-15,-4.801714581503802e-15,1hxw
881,-1.0477729794899915e-15,-1.3877787807814457e-15,-1.7486012637846216e-15,-4.8627768478581856e-14,1hvi
882,-4.85722573273506e-17,-1.1934897514720433e-15,4.107825191113079e-15,1.2101430968414206e-14,1hvk
883,-5.551115123125783e-16,-4.618527782440651e-14,-3.7414515929867775e-14,1.7763568394002505e-14,1m7y
884,1.3322676295501878e-15,0.0,3.552713678800501e-15,-2.842170943040401e-14,1dqx
885,-1.3322676295501878e-15,0.0,-1.4210854715202004e-14,-2.1316282072803006e-14,1eix
886,4.440892098500626e-16,-1.1546319456101628e-14,7.105427357601002e-15,-1.0658141036401503e-14,1lor
887,2.033095913844818e-15,1.9984014443252818e-15,-6.938893903907228e-16,-6.966649479522857e-15,1d4y
888,2.192690473634684e-15,3.608224830031759e-15,-9.880984919163893e-15,-1.6431300764452317e-14,1hpx
889,-9.575673587391975e-16,-1.049160758270773e-14,1.2878587085651816e-14,-4.996003610813204e-16,1pro
890,-2.3037127760972e-15,-1.021405182655144e-14,-7.549516567451064e-15,1.5543122344752192e-15,2hb3
891,-5.016820292524926e-15,-5.218048215738236e-15,1.2656542480726785e-14,-2.886579864025407e-15,1hvj
892,-3.7192471324942744e-15,-2.5951463200613034e-15,7.105427357601002e-15,-7.105427357601002e-15,2i0a
893,-4.884981308350689e-15,2.398081733190338e-14,-2.842170943040401e-14,-4.440892098500626e-16,1lyb
894,0.0,-1.0658141036401503e-14,2.3092638912203256e-14,3.375077994860476e-14,6cpa
895,0.0,0.0,0.0,0.0,1duv
896,2.3592239273284576e-15,4.440892098500626e-16,-3.4416913763379853e-15,5.995204332975845e-15,1ctu
897,4.884981308350689e-15,-9.592326932761353e-14,-3.907985046680551e-14,3.907985046680551e-14,1agm
898,0.0,0.0,0.0,0.0,1gah
899,-2.3148150063434514e-14,3.552713678800501e-15,8.570921750106208e-14,-1.0147438445073931e-13,1lf9
900,-1.1934897514720433e-15,-1.021405182655144e-14,-3.241851231905457e-14,1.1213252548714081e-14,2ada
901,-2.7755575615628914e-16,-5.88418203051333e-15,5.10702591327572e-15,-5.2735593669694936e-15,2gh7
